category,product,star,comments
dtdd,samsung-galaxy-s24-ultra-5g,4,đt mình bị lỗi hay sao mà k kiểm tra được màn hình dishplay vd gõ 0 1234 v v
dtdd,samsung-galaxy-s24-ultra-5g,5,quá tuyệt vời pin dùng 2 ngày thoải mái chụp đẹp zoom tốt như kính hiển vi luôn mẫu mã đẹp nhất trong họ sam 
dtdd,samsung-galaxy-s24-ultra-5g,1,hi fan cứng samsung nhưng giờ phải viết cái nàycập nhật phần mềm mới thì đơ lag giật ứng dụng phải khởi động liên tụctải hình lên capcut bằng cam thường thì lỗisài cap cut thì bị văng liên tụcpin thì mau hết không như quảng cáo
dtdd,samsung-galaxy-s24-ultra-5g,3,vào game kia lúc đầu vào rất nhanh rất mượt 2 ngày sau vô game nửa tiếng mới vô mình tưởng do game lỗi lôi cái đt cũ vô game thử vào game tg vòng 3 phút cần hỗ trợ
dtdd,samsung-galaxy-s24-ultra-5g,5,trước mình tham khảo sp ở quận 7 nguyễn thị thập tư vấn ko kỷ ko hỗ trợ nhiều mình tham khảo trả góp thái độ kiểu gì á sau đó mình mua ở chi nhánh quận 4 khánh hội á cái chị bán hàng cho mình siêu nhiệt tình luôn tư vấn kỹ mà hỗ trợ 100 cho 100 điểm luôn sản phẩm xài rất ưng ý luôn á mượt nhanh 
dtdd,samsung-galaxy-s24-ultra-5g,5,tốt mượt thú vị chức năng hoạt động tốt hơn hãng trung 
dtdd,samsung-galaxy-s24-ultra-5g,4,máy đẹp mượt mà mỗi cái là pin tụt nhanh 
dtdd,samsung-galaxy-s24-ultra-5g,5,dùng mượt cam nét chỉ có cái là dán cường lực vân tay kém quá
dtdd,samsung-galaxy-s24-ultra-5g,5,còn miếng dán chống nhìn trộm cho s24u ko shop
dtdd,samsung-galaxy-s24-ultra-5g,3,điện thoại không xài để qua đêm tụt 3 pin dù đã tối ưu đặt ứng dụng không dùng vào chế độ ngủ nhận điện gương mặt thì kém phải mở màn hình lên mới nhận đeo kính khẩu trang đều không nhận được dù đã thử nhiều lần ngoài ra thì điện thoại cầm cũng nặng cầm lâu mỏi tay kính khủng camera 200mp chỉ zoom được 10x camera 12mp thì zoom được 100x nhưng khá mờ nói chung điện thoại mới dùng thì chạy nhanh chất ảnh trải nghiệm cá nhân mình thấy tạm được thôi 
dtdd,samsung-galaxy-s24-ultra-5g,5,quyết định đúng đắn khi mua s24 ultra máy dùng rất tốt nhiều tính năng thông minh
dtdd,samsung-galaxy-s24-ultra-5g,3,màn hình khá vàng k được sáng lắm so với s10 của m đang dùng màn hình k sáng bằng vì cứ bị vàng xin cách khắc phục hay là do máy như vậy rồi mọi người xin góp ý
dtdd,samsung-galaxy-s24-ultra-5g,1,công nhận về ngoại hình của samsung s24 ultra thì ko trê vào đâu được rất tuyệt vời nhưng pin thì quá kém sài tụt pin rất nhanh 1h đồng hồ sài facebook tụt 30 pin gọi videos khoảng 10p máy nóng điện thoại samsung s24ultra là dòng cao cấp mà có những nỗi cơ bản về pin và máy nóng ko khắc phục được rồi về phần mềm bản ui 6 1 cập nhật từ tháng 2 2025 đến nay ko biết samsung có bản cập nhật mới chưa 
dtdd,samsung-galaxy-s24-ultra-5g,2,pin nhanh hết quá màn hình thì bị ám màn mới về còn bị nhảy nhảy mấy cái mới mua có đổi đc k biết
dtdd,samsung-galaxy-s24-ultra-5g,3,sao 1 tháng sử dụng thấy pin tuột nhanh quá dùng 4g 5g trong 1h là tụt 14 rồi pin 5000 mà chưa đến 6phút đã tụt 1 không chấp nhận được 
dtdd,samsung-galaxy-s24-ultra-5g,3,mới mua dùng lướt top top mà máy nóng
dtdd,samsung-galaxy-s24-ultra-5g,4,vợ mình mua 15 pro max còn mình chọn s24 ultra mua trước tết giá về 22tr5 sau 1 tháng trải nghiệm thì thấy máy dùng khá mượt mượt chụp ảnh đẹp nét mỗi cái pin thì không như mong đợi pin dùng ko trâu như 15 pro max
dtdd,samsung-galaxy-s24-ultra-5g,4,đã mua nhưng không thấy kích hoạt samsung care
dtdd,samsung-galaxy-s24-ultra-5g,5,dùng đến thời điểm này thấy rất tốt mình thì không cài fb tiktok shopee nên cảm giác cũng giúp máy mượt hơn máy có nhiều tính năng đa nhiệm tốt hỗ trợ cho công việc làm nghiên cứu của mình tranh thủ lúc trông con mua đúng đợt trước khi có s25 utra trước tết nên được giá ưu đãi 22tr5
dtdd,samsung-galaxy-s24-ultra-5g,3,s tui thấy bắt wifi lắc giữ v
dtdd,samsung-galaxy-s24-ultra-5g,4,sản phẩm đẹp nhưng nhanh hết pin xài dc 1h hết 65 pin
dtdd,samsung-galaxy-s24-ultra-5g,5,còn gì bằng nữa một sản phẩm thiết kế đẹp chất lượng có bút spen kèm theo viết tin nhắn ghi chú rất tiện lợi cấu hình cao độ phân giải 2k màn hình sắc nét lúc mình mua con này có khuyến mãi giảm giá nên rất thích mình thích màu xám và màu vàng thiết kế của máy này rất đẹp mọi người ơi nên mua nhé 
dtdd,samsung-galaxy-s24-ultra-5g,5,máy hay bị đơ lỗi không vuốt được dùng cứ 1 lúc là lại bị đơ k thao tác đc gì
dtdd,samsung-galaxy-s24-ultra-5g,3,mua đập hộp hôm 28 tết ở cửa hàng không nhìn kỹ mang về đến nhà xem kỹ lại tổng thể thì thấy có 2 vệt sọc ngang mờ và nhỏ li ti ai tinh mắt thì mới thấy hôm 29 tết mang ra cửa hàng để hỏi thì đóng cửa nghỉ tết rồi cho mình hỏi là lỗi này để lâu có nặng thêm không và giờ muốn đổi thì có đổi được máy khác không nhỉ
dtdd,samsung-galaxy-s24-ultra-5g,5,cửa hàng mình có miếng dán cường lực nào tốt sử dụng đc vân tay ko s24u này kén miếng dán quá dán nhìu loại mà ko có loại nào ưng ý
dtdd,samsung-galaxy-s24-ultra-5g,3,mọi thứ đều ok có mỗi cái cảm biến vân tay ko ăn ấn hoài không được
dtdd,samsung-galaxy-s24-ultra-5g,3,sao chơi game liên quân vào giao tranh là nút di chuyển lúc đc lúc k chán
dtdd,samsung-galaxy-s24-ultra-5g,4,s24 ultra không có màng loa thoại à shop thấy khe loa to mà không có màng sau bên trong chắc đầy bụi
dtdd,samsung-galaxy-s24-ultra-5g,1,hỏm mua 29tr9 xong qua hsau còn 25tr chán thiệt
dtdd,samsung-galaxy-s24-ultra-5g,5,cho hỏi tgdđ có dán màn hình mà vẫn đảm bảo quét vân tay không ạ
dtdd,samsung-galaxy-s24-ultra-5g,3,mh hỏi sao ko dùng mh tắt hết ứng dụng nền ngầm mà pin tụt 
dtdd,samsung-galaxy-s24-ultra-5g,5,chất lượng tốt pin trâu máy mượt hiệu năng ok
dtdd,samsung-galaxy-s24-ultra-5g,5,dùng máy cũng gần được 1 năm cá nhân dùng cảm thấy mượt màn hình đẹp camera tốt pin cũng ổn hiệu năng tốt
dtdd,samsung-galaxy-s24-ultra-5g,1,trải nghiệm thật sự rất tệ máy có bụi trong camera sau mang máy qua thì làm khó dễ không cho đổi máy đến khi phản ánh thì trả giá nhiều lần cuối cùng cho đổi máy đến khi mang máy qua đổi thì nhân viên thái độ khó chịu với khách hàng đổi máy mới vẫn bị bụi trong camera sau là do hãng hay do cửa hàng bán máy lỗi cho khách
dtdd,samsung-galaxy-s24-ultra-5g,4,khi trưa 22 12 2024 tôi có mua đt kèm ốp lưng nhưng ốp lưng nhân viên đưa là 23ultra tôi cũng không kiểm tra lại ốp vì nhân viên tgdd bảo vừa khớp nhưng về tới nhà tôi mới ktra kỹ lại thì các nút bấm nguồn và âm lượng không khớp các vị trí lỗ trên ốp vì mẫu ốp là 23ultra nhưng đt tôi thì 24ultra vậy có đổi được không
dtdd,samsung-galaxy-s24-ultra-5g,1,kỹ thuật viên không có trình độ không biết cách test sản phẩm tệ pin thì tụt như chạy hội vẫn báo bình thường nên né tgdd
dtdd,samsung-galaxy-s24-ultra-5g,3,mặt sau điện thoại bám nhiều vân tay s22 khắc phục hoàn toàn bám vân tay trên mặt lưng sản phẩm máy có vẻ cũng nhanh hết pin 
dtdd,samsung-galaxy-s24-ultra-5g,5,điện thoại mua được 7 ngày sáng sạc đầy pin dùng đến chiều muộn cắm sạc thì không nhận sạc thử nhiều lần cũng không được đã mang ra tgdd kiểm tra sạc cũng ko được đêm mình tắt nguồn xong cắm sạc lại được đến sáng cắm lại ko được giờ cắm sạc lại được như này có đổi được ko ạ 
dtdd,samsung-galaxy-s24-ultra-5g,5,vừa mua chưa đc 1 tháng giảm 4 củ
dtdd,samsung-galaxy-s24-ultra-5g,4,cam tốt zom video quay 3x5x10x nét xử lý màu ai tuyệt pin khỏe máy khỏe mượt mà đág từng xu loa cũg hay mỗi tội cây bút spen ko dùng tới
dtdd,samsung-galaxy-s24-ultra-5g,1,bỏ ra 28tr mua cái điện thoại vân tay ko nhạy máy thì lag đem ra điện máy xanh vĩnh tân tân uyên bình dương nhân viên kỹ thuật yếu kém không biết gì máy ngta đang dùng 120hz mà thần kỹ thuật chỉnh lại 60hz nói nó ngu mà nó còn cải nói chuyện với khách hàng lấc ca lấc cát bố đời không giải quyết được gì
dtdd,samsung-galaxy-s24-ultra-5g,1,có ai dùng s24 lúc dùng bị nóng máy từ lúc mua về tới giờ chỉ dùng zalo với ticto dùng s24 lúc dùng bị nóng máy từ lúc mua về tới giờ chỉ dùng zalo với tick tock mà vẩn nóngốp phía sau bị bong ra không nhỉ 
dtdd,samsung-galaxy-s24-ultra-5g,3,mở máy bằng vân tay hơi chán dán miếng cường lực lên là rất khó mở
dtdd,samsung-galaxy-s24-ultra-5g,3,máy chạy ổn nhưng nay cổng sạc không vô dễ hư mới mua 21 5
dtdd,samsung-galaxy-s24-ultra-5g,5,máy chạy êm ai xử lý nhanh veo veo quay phim với chụp ảnh nét căng lựa chọn đúng đắn khi mua em này rồi 
dtdd,samsung-galaxy-s24-ultra-5g,5,dùng em này chụp ảnh cho vợ thấy vợ khen lắm nhân viên tư vấn cũng nhiệt tình nữa rất là ok 
dtdd,samsung-galaxy-s24-ultra-5g,5,mua vì thấy nhiều tính năng ai xịn xò ai chạy tốt và mượt nha 
dtdd,samsung-galaxy-s24-ultra-5g,5,xài em này chơi game mỗi ngày và vẫn rất mượt nhé 
dtdd,samsung-galaxy-s24-ultra-5g,5,điện thoại xài quá là oke 
dtdd,samsung-galaxy-s24-ultra-5g,5,galaxy ai dễ dùng và ứng dụng được nhiều hàng ngày camera đúng chụp đẹp zoom xịn như thiên hạ đồn nha 
dtdd,samsung-galaxy-s24-ultra-5g,5,định đổi qua android dùng cho biết mà thấy xài ổn áp quá nên xài tới giờ luôn 
dtdd,samsung-galaxy-s24-ultra-5g,5,máy xài ổn áp galaxy ai xịn xò 
dtdd,samsung-galaxy-s24-ultra-5g,5,bạn bè nói dòng này dùng ok nên mua dù điện thoại hơi to dùng 1 thời gian thấy ổn định chạy mượt mấy tính năng ai dùng cũng hay ho và dễ xài camera zoom nét lắm 
dtdd,samsung-galaxy-s24-ultra-5g,5,mấy tính năng galaxy ai chạy mượt và dễ dùng nha chỉnh ảnh với ghi chú rất tiện 
dtdd,samsung-galaxy-s24-ultra-5g,5,mua máy để mang đi xem concert thấy rất đáng tiền zoom cực nét quay ổn định nên có nhiều source video xịn lắm 10 điểm 
dtdd,samsung-galaxy-s24-ultra-5g,5,điện thoại chất liệu bền va đập khó bị trày xước chơi game mượt không thấy nóng máy chụp đêm đẹp và nét xứng đáng giá tiền bỏ ra để mua 
dtdd,samsung-galaxy-s24-ultra-5g,5,điện thoại hoạt động rất ổn định xử lý các tác vụ nhanh gọn không thấy hiện tượng giật lag nóng máy camera chụp đẹp zoom nét sản phẩm đáng mua 
dtdd,samsung-galaxy-s24-ultra-5g,5,e mới mua điện thoại samsung s24 ultra chưa dc 1 tháng e muốn bán lại thì được giá bao nhiêu ạ
dtdd,samsung-galaxy-s24-ultra-5g,5,xịn nha mọi người fan chụp đêm
dtdd,samsung-galaxy-s24-ultra-5g,5,sản phẩm rất đẹp và mượt
dtdd,samsung-galaxy-s24-ultra-5g,4,cả hai loa đều nhỏ thua loa s21utral mọi thứ còn lại thì bình thường
dtdd,samsung-galaxy-s24-ultra-5g,1,máy cực kì nhanh hết pin
dtdd,samsung-galaxy-s24-ultra-5g,5,fan hà còi mua đi zoom idol
dtdd,samsung-galaxy-s24-ultra-5g,5,điện thoại xịn lắm fan hà còi
dtdd,samsung-galaxy-s24-ultra-5g,2,máy nhanh bị nóng nhất là gọi zalo
dtdd,samsung-galaxy-s24-ultra-5g,5,camera đẹp tgdd dịch vụ tốt
dtdd,samsung-galaxy-s24-ultra-5g,5,hôm đi ăn với bạn và thấy bạn chụp s24u trong quán ăn mình thấy rất trầm trồ khả năng chụp đêm quá ok iphone của mình vừa nhiễu vừa mờ rất hài lòng khi nâng cấp lên s24u fan phi công hà còi
dtdd,samsung-galaxy-s24-ultra-5g,5,mình từ iphone chuyển sang và thấy s24u thật sự rất hài lòng mọi thứ phục vụ cho công việc rất dễ và chụp hình đẹp hơn iphone rất nhiều
dtdd,samsung-galaxy-s24-ultra-5g,5,rất hài lòng vs s24u chụp ảnh rất đẹp
dtdd,samsung-galaxy-s24-ultra-5g,5,điện thoại xịn xài rất mượt nên mua
dtdd,samsung-galaxy-s24-ultra-5g,5,zoom đỉnh nóc
dtdd,samsung-galaxy-s24-ultra-5g,5,điện thoại xịn thực sự chỉ 1 từ để nói đỉnh
dtdd,samsung-galaxy-s24-ultra-5g,5,là tín đồ samsung thì mình hài lòng 100 với s24u chỉ có điều hơi bự so với tay mình
dtdd,samsung-galaxy-s24-ultra-5g,5,mình fan ninh dương từ iphone 14 pro max chuyển sang và mua màu titan cảm nhận thấy rất hài lòng về galaxy s24u điện thoại tốt nhất mình từng sở hữu
dtdd,samsung-galaxy-s24-ultra-5g,5,sản phẩm giá tốt chụp đêm đẹp lắm fan hacoi đã mua
dtdd,samsung-galaxy-s24-ultra-5g,5,mình là fan ninh dương mình mua s24ultra xài thấy rất xịn xò
dtdd,samsung-galaxy-s24-ultra-5g,5,s24 ultra rất mình hài lòng sản phẩm rất phù hợp với mình
dtdd,samsung-galaxy-s24-ultra-5g,5,sản phẩm quá xịn zoom concert quá đẹp chụp buổi tối rất đẹp
dtdd,samsung-galaxy-s24-ultra-5g,1,lúc mua máy thì nhân viên tư vấn nhiệt tình bảo lỗi là đổi mới máy mới mua về xài 2 ngày thấy sạt nóng bị rò điện cầm bị giật nhẹ giật nếu chú ý là nghe tách tách luôn nhưng không phải lúc nào cũng giật mang máy ra báo lỗi đổi thì nhân viên bảo không thấy giật bắt để máy lại 7 15 ngày để đi kiểm tra chứ k thấy lỗi đã bảo lỗi là đổi mà bắt để máy lại để đi trung tâm bảo hành thì đổi cái gì cái này gọi là để lại đi sửa mà sửa không được mới chịu đổi chứ có phải lỗi là đổi liền đâu này có phải là đánh tráo khái niệm không chứ mua máy xài bình thường ai kêu đi đổi làm gì 
dtdd,samsung-galaxy-s24-ultra-5g,3,máy hao pin nhanh
dtdd,samsung-galaxy-s24-ultra-5g,2,chạy hay bị đơ màn hình thao tác vol chậm mấy giây mới hiển thị trên màn hình đt 
dtdd,samsung-galaxy-s24-ultra-5g,4,sử dụng ok tuy nhiên loa dưới nghe hơi bị chát tai
dtdd,samsung-galaxy-s24-ultra-5g,5,rất xịn và mượt
dtdd,samsung-galaxy-s24-ultra-5g,5,cảm nhận chung là camera xịn ai thông minh và tgdd dịch vụ tốt 
dtdd,samsung-galaxy-s24-ultra-5g,5,mãi mãi là samfan 
dtdd,samsung-galaxy-s24-ultra-5g,5,tgdd bán giá khá cao nhưng đổi lại dịch vụ rất tốt sẽ ủng hộ samsung fan ninh dương
dtdd,samsung-galaxy-s24-ultra-5g,5,đi concert nên mua nha mọi người ơi fan ninh dương story ủng hộ samsung
dtdd,samsung-galaxy-s24-ultra-5g,5,tgdd dịch vụ rất tốt sản phẩm chụp hình đẹp
dtdd,samsung-galaxy-s24-ultra-5g,5,mình mua 256gb hiện xài thấy vừa đủ chụp hình đẹp lắm ạ
dtdd,samsung-galaxy-s24-ultra-5g,5,sản phẩm xịn lắm mọi người ơi
dtdd,samsung-galaxy-s24-ultra-5g,5,cảm nhận nhân viên tgdd tư vấn nhiệt tình sản phẩm tốt 
dtdd,samsung-galaxy-s24-ultra-5g,5,tốt tgdd dễ thương
dtdd,samsung-galaxy-s24-ultra-5g,5,sau khi sử dụng thấy đây là sản phẩm tuyệt vời nhất mà samsung từng ra mắt tgdd cũng rất xịn xò 
dtdd,samsung-galaxy-s24-ultra-5g,5,tuyệt vời
dtdd,samsung-galaxy-s24-ultra-5g,3,mình thấy hao pin nhanh đã báo nhân viên kĩ thuật vad được tư vấn măng đến tgdđ để đc kiểm tra
dtdd,samsung-galaxy-s24-ultra-5g,5,hiện tại xài ổn
dtdd,samsung-galaxy-s24-ultra-5g,1,dùng được 2 tháng giờ mới để ý bị loang vệt ở mặt lưng 2 chấm giờ bảo hành được không mọi người ơi
dtdd,samsung-galaxy-s24-ultra-5g,4,hiện tại mnh dung thấy ok
dtdd,samsung-galaxy-s24-ultra-5g,5,mọi thứ đều rất ổn ko nóng như mình nghĩ mình bỏ túi quần đứng phơi nắng gần 3 tiếng đặc thù công việc ấm nhẹ còn con s22 ultra nó nóng rõ rệt pin cũng ko tụt lắm để qua đêm tụt 1 hoặc 2 game thì tối ưu cực tốt mình bật game ngủ quên nó tự động giảm độ sáng chứ ko khóa màn hình 5 tiếng sau tụt có 20 hơi ấm chút thôi đủ biết nó trâu như nào chứ con s22u là nó tụt gấp đôi riêng bút s pen chắc cỡ s23u thôi ko cải thiện gì khác đủ dùng nhân viên ở số 1 đl hùng vương cam ranh khánh hòa hỗ trợ rất nhiệt tình rất hài lòng 
dtdd,samsung-galaxy-s24-ultra-5g,5,sản phẩm đẹp không chê vào đâu được
dtdd,samsung-galaxy-s24-ultra-5g,1,chup hình xấu message kết nối mạng quá lâu
dtdd,samsung-galaxy-s24-ultra-5g,5,điện thoại dùng ổn 
dtdd,samsung-galaxy-s24-ultra-5g,3,pin dùng không như mong mơ để chế độ tiết kiệm pin và hiệu năng thấp vẫn tụt nhanh hơn định mức
dtdd,samsung-galaxy-s24-ultra-5g,3,máy mình để không bị tụt pin và sài thấy pin nhanh hết hơn so với mức định pin mong tgdd có thể hỗn trợ mình ạ
dtdd,samsung-galaxy-s24-ultra-5g,1,chụp hình xấu dã man có lúc xem phim giựt giựt quá thất vọng
dtdd,samsung-galaxy-s24-ultra-5g,2,cái ốp lưng tặng quá tệ xài có vài ngày nó xước hết viền luôn tiếc cái viền
dtdd,samsung-galaxy-s24-ultra-5g,5,good
dtdd,samsung-galaxy-s24-ultra-5g,3,cái ốp lưng thật là tệ làm mất giá của máy thà ko tặng còn hơn
dtdd,samsung-galaxy-s24-ultra-5g,3,khóa vân tay dở tệ ko xài cường lực mà mở lên mở xuống ko dc thua ss a54 ss a54 tay bẩn mở vẫn ok trải nghiệm tệ biết vậy chuyển 15promax
dtdd,samsung-galaxy-s24-ultra-5g,5,điện thoại mình dô chơi game lâu lâu nó cứ xuất hiện mấy đường sọc chớp nhoáng tầm 2s rồi mất z lỗi này có được đổi đt mới ko ad mình chưa thấy ai bị lỗi này ở s24u mình mua đt mới được 8 ngày
dtdd,samsung-galaxy-s24-ultra-5g,4,dùng dc 1 tháng rồi mọi thứ tốt nhưng khi sử dụng ngoài trời thì máy nóng quá 
dtdd,samsung-galaxy-s24-ultra-5g,5,toàn thấy chê nhỉ đây mua máy về dùng ưng ơi là ưng pin tốt máy mát mượt cam đẹp ai ngon 
dtdd,samsung-galaxy-s24-ultra-5g,1,ốp tặng kèm rởm bụi vào xước dăm hết cả viền 
dtdd,samsung-galaxy-s24-ultra-5g,3,dùng k tốt lắm hoàn thiện kém và màn hình thì tệ hơn cả a73 củ của mình
dtdd,samsung-galaxy-s24-ultra-5g,3,tôi thấy chưa cải tiến về khóa vâng tay tui đang dung máy cái samsum roi khóa vâng tay kg nhạy j hết vẫn thua iphone chỗ khóa vâng tay
dtdd,samsung-galaxy-s24-ultra-5g,2,mua giá cọc mà còn mắc hơn lúc mua online chê
dtdd,samsung-galaxy-s24-ultra-5g,1,1 sao vì phần quà tặng ốp lưng quá tệ ốp thì cứng lắp vào thì cào xước hết phần thành của điện thoại tgdd k test phần quà tặng trước khi tặng à
dtdd,samsung-galaxy-s24-ultra-5g,1,màn mình s24ultra năm nay xấu tệ camera chụp ảnh bị noise nhiều pin nhanh hết tóm lại thua s23ul rất xa hối hận khi mua s24ultra
dtdd,samsung-galaxy-s24-ultra-5g,5,có chức năng gọi điện truy cập internet qua wifi chụp hình ảnh quay video clip có thể tải zalo về để gọi điện phát wifi tốc độ cao 
dtdd,samsung-galaxy-s24-ultra-5g,1,đặt cọc để sở hữu sớm mà giá cao hơn ko cọc lại còn không được tặng tai nghe nữa quá chán tgdd làm ăn kiểu này sẽ sớm mất hêt khách hàng
dtdd,samsung-galaxy-s24-ultra-5g,1,sao trên này báo 28 9 mà ra cửa hàng mua 30 9 vậy ảo thật đấy
dtdd,samsung-galaxy-s24-ultra-5g,5,sản phẩm ok
dtdd,samsung-galaxy-s24-ultra-5g,3,giờ được tặng tai nghe mới mua 2 bữa trước không có tặng vậy giờ có đc tặng thêm k ad
dtdd,samsung-galaxy-s24-ultra-5g,3,đặt cọc trước mà giá vs quà còn thua bây giờ chưa hiểu tgdđ làm ăn kiểu gì
dtdd,samsung-galaxy-s24-ultra-5g,1,đặt cọc trước là 1 trong những người đầu tiên sở hữu bản thương mại mà giờ mua online giá còn rẻ hơn lại có thêm quà nữa nay cạch tgdđ luôn
dtdd,samsung-galaxy-s24-ultra-5g,4,mua đặt cọc mà giá đắt hơn cả ko cọc cách nhau có 1 tuần mà giá cách nhau 5 triệu thế này thì lần sau sang chỗ khác mua thôi từ bỏ tgdd luôn
dtdd,samsung-galaxy-s24-ultra-5g,1,tôi mua 3 cái đặt cọc trước giảm tổng 6tr mà bây giờ giá và quà tặng còn giá trị hơn cả việc đặt cọc trước tôi không hiểu chính sách bán hàng của tgdd như thế nào nữa
dtdd,samsung-galaxy-s24-ultra-5g,1,mua không hề có giảm giá 3tr khi cọc nhé mà chỉ bằng giá ngưòi mua bình thường không cọc thôi lần sau mọi ngưòi nên xem xét việc cọ
dtdd,samsung-galaxy-s24-ultra-5g,1,mua đặt cọc mắc hơn mua không cọc
dtdd,samsung-galaxy-s24-ultra-5g,5,máy đẹp chất liệu titan bền chụp ảnh zoom xa lướt mượt tính năng ai khá hay sài ok nha
