Điện thoại Samsung Galaxy S25 Edge 5G 12GB/512GB,/dtdd/samsung-galaxy-s25-edge-5g-512gb,https://www.thegioididong.com/dtdd/samsung-galaxy-s25-edge-5g-512gb
,javascript:;,https://www.thegioididong.comjavascript:;
,javascript:;,https://www.thegioididong.comjavascript:;
Điện thoại Xiaomi Redmi Note 14 Pro 5G 8GB/256GB,/dtdd/xiaomi-redmi-note-14-pro-5g,https://www.thegioididong.com/dtdd/xiaomi-redmi-note-14-pro-5g
,javascript:;,https://www.thegioididong.comjavascript:;
,javascript:;,https://www.thegioididong.comjavascript:;
Điện thoại iPhone 16 Pro Max 256GB,/dtdd/iphone-16-pro-max,https://www.thegioididong.com/dtdd/iphone-16-pro-max
,javascript:;,https://www.thegioididong.comjavascript:;
,javascript:;,https://www.thegioididong.comjavascript:;
Điện thoại iPhone 16 Pro 128GB,/dtdd/iphone-16-pro,https://www.thegioididong.com/dtdd/iphone-16-pro
,javascript:;,https://www.thegioididong.comjavascript:;
,javascript:;,https://www.thegioididong.comjavascript:;
Điện thoại Samsung Galaxy A56 5G 12GB/256GB,/dtdd/samsung-galaxy-a56,https://www.thegioididong.com/dtdd/samsung-galaxy-a56
,javascript:;,https://www.thegioididong.comjavascript:;
,javascript:;,https://www.thegioididong.comjavascript:;
Điện thoại vivo V50 Lite 8GB/256GB,/dtdd/vivo-v50-lite,https://www.thegioididong.com/dtdd/vivo-v50-lite
,javascript:;,https://www.thegioididong.comjavascript:;
,javascript:;,https://www.thegioididong.comjavascript:;
Điện thoại realme 14 5G 12GB/256GB,/dtdd/realme-14-5g,https://www.thegioididong.com/dtdd/realme-14-5g
,javascript:;,https://www.thegioididong.comjavascript:;
,javascript:;,https://www.thegioididong.comjavascript:;
Điện thoại Xiaomi Redmi Note 14 Pro 8GB/256GB,/dtdd/xiaomi-redmi-note-14-pro,https://www.thegioididong.com/dtdd/xiaomi-redmi-note-14-pro
,javascript:;,https://www.thegioididong.comjavascript:;
,javascript:;,https://www.thegioididong.comjavascript:;
Điện thoại OPPO Find N5 5G 16GB/512GB,/dtdd/oppo-find-n5,https://www.thegioididong.com/dtdd/oppo-find-n5
,javascript:;,https://www.thegioididong.comjavascript:;
,javascript:;,https://www.thegioididong.comjavascript:;
Điện thoại OPPO Reno13 5G 12GB/256GB,/dtdd/oppo-reno13-5g,https://www.thegioididong.com/dtdd/oppo-reno13-5g
,javascript:;,https://www.thegioididong.comjavascript:;
,javascript:;,https://www.thegioididong.comjavascript:;
Điện thoại vivo V50 Lite 5G 8GB/256GB,/dtdd/vivo-v50-lite-5g,https://www.thegioididong.com/dtdd/vivo-v50-lite-5g
,javascript:;,https://www.thegioididong.comjavascript:;
,javascript:;,https://www.thegioididong.comjavascript:;
Điện thoại realme 14T 5G 8GB/256GB,/dtdd/realme-14t-5g-8gb,https://www.thegioididong.com/dtdd/realme-14t-5g-8gb
,javascript:;,https://www.thegioididong.comjavascript:;
,javascript:;,https://www.thegioididong.comjavascript:;
Điện thoại HONOR X8c 8GB/256GB,/dtdd/honor-x8c,https://www.thegioididong.com/dtdd/honor-x8c
,javascript:;,https://www.thegioididong.comjavascript:;
,javascript:;,https://www.thegioididong.comjavascript:;
Điện thoại Tecno Spark 30 8GB/128GB,/dtdd/tecno-spark-30,https://www.thegioididong.com/dtdd/tecno-spark-30
,javascript:;,https://www.thegioididong.comjavascript:;
,javascript:;,https://www.thegioididong.comjavascript:;
Điện thoại Masstel S9 6GB/256GB,/dtdd/masstel-s9,https://www.thegioididong.com/dtdd/masstel-s9
,javascript:;,https://www.thegioididong.comjavascript:;
,javascript:;,https://www.thegioididong.comjavascript:;
Điện thoại iPhone 16 Plus 128GB,/dtdd/iphone-16-plus,https://www.thegioididong.com/dtdd/iphone-16-plus
,javascript:;,https://www.thegioididong.comjavascript:;
,javascript:;,https://www.thegioididong.comjavascript:;
Điện thoại iPhone 16 128GB,/dtdd/iphone-16,https://www.thegioididong.com/dtdd/iphone-16
,javascript:;,https://www.thegioididong.comjavascript:;
,javascript:;,https://www.thegioididong.comjavascript:;
Điện thoại Samsung Galaxy A06 5G 6GB/128GB,/dtdd/samsung-galaxy-a06-5g-6gb-128gb,https://www.thegioididong.com/dtdd/samsung-galaxy-a06-5g-6gb-128gb
,javascript:;,https://www.thegioididong.comjavascript:;
,javascript:;,https://www.thegioididong.comjavascript:;
Điện thoại Samsung Galaxy A36 5G 12GB/256GB,/dtdd/samsung-galaxy-a36,https://www.thegioididong.com/dtdd/samsung-galaxy-a36
,javascript:;,https://www.thegioididong.comjavascript:;
,javascript:;,https://www.thegioididong.comjavascript:;
Điện thoại Xiaomi Redmi Note 14 Pro+ 5G 8GB/256GB,/dtdd/xiaomi-redmi-note-14-pro-plus,https://www.thegioididong.com/dtdd/xiaomi-redmi-note-14-pro-plus
,javascript:;,https://www.thegioididong.comjavascript:;
,javascript:;,https://www.thegioididong.comjavascript:;
Điện thoại OPPO Reno13 Pro 5G 12GB/512GB,/dtdd/oppo-reno13-pro-5g,https://www.thegioididong.com/dtdd/oppo-reno13-pro-5g
,javascript:;,https://www.thegioididong.comjavascript:;
,javascript:;,https://www.thegioididong.comjavascript:;
Điện thoại OPPO Reno13 F 8GB/256GB,/dtdd/oppo-reno13-f,https://www.thegioididong.com/dtdd/oppo-reno13-f
,javascript:;,https://www.thegioididong.comjavascript:;
,javascript:;,https://www.thegioididong.comjavascript:;
Điện thoại realme C75x 8GB/128GB,/dtdd/realme-c75x,https://www.thegioididong.com/dtdd/realme-c75x
,javascript:;,https://www.thegioididong.comjavascript:;
,javascript:;,https://www.thegioididong.comjavascript:;
Điện thoại Xiaomi Redmi 13x 6GB/128GB,/dtdd/xiaomi-redmi-13x-6gb-128gb,https://www.thegioididong.com/dtdd/xiaomi-redmi-13x-6gb-128gb
,javascript:;,https://www.thegioididong.comjavascript:;
,javascript:;,https://www.thegioididong.comjavascript:;
Điện thoại HONOR X9c Smart 5G 12GB/256GB,/dtdd/honor-x9c-smart,https://www.thegioididong.com/dtdd/honor-x9c-smart
,javascript:;,https://www.thegioididong.comjavascript:;
,javascript:;,https://www.thegioididong.comjavascript:;
Điện thoại Samsung Galaxy S25 Ultra 5G 12GB/256GB,/dtdd/samsung-galaxy-s25-ultra,https://www.thegioididong.com/dtdd/samsung-galaxy-s25-ultra
,javascript:;,https://www.thegioididong.comjavascript:;
,javascript:;,https://www.thegioididong.comjavascript:;
Điện thoại iPhone 16e 128GB,/dtdd/iphone-16e,https://www.thegioididong.com/dtdd/iphone-16e
,javascript:;,https://www.thegioididong.comjavascript:;
,javascript:;,https://www.thegioididong.comjavascript:;
Điện thoại iPhone 15 128GB,/dtdd/iphone-15,https://www.thegioididong.com/dtdd/iphone-15
,javascript:;,https://www.thegioididong.comjavascript:;
,javascript:;,https://www.thegioididong.comjavascript:;
Điện thoại Samsung Galaxy Z Fold6 5G 12GB/256GB,/dtdd/samsung-galaxy-z-fold6,https://www.thegioididong.com/dtdd/samsung-galaxy-z-fold6
,javascript:;,https://www.thegioididong.comjavascript:;
,javascript:;,https://www.thegioididong.comjavascript:;
Điện thoại Samsung Galaxy A35 5G 8GB/256GB,/dtdd/samsung-galaxy-a35-5g,https://www.thegioididong.com/dtdd/samsung-galaxy-a35-5g
,javascript:;,https://www.thegioididong.comjavascript:;
,javascript:;,https://www.thegioididong.comjavascript:;
Điện thoại Xiaomi 15 5G 12GB/512GB,/dtdd/xiaomi-15,https://www.thegioididong.com/dtdd/xiaomi-15
,javascript:;,https://www.thegioididong.comjavascript:;
,javascript:;,https://www.thegioididong.comjavascript:;
Điện thoại Xiaomi 15 Ultra 5G 16GB/512GB Trắng,/dtdd/xiaomi-15-ultra-trang,https://www.thegioididong.com/dtdd/xiaomi-15-ultra-trang
,javascript:;,https://www.thegioididong.comjavascript:;
,javascript:;,https://www.thegioididong.comjavascript:;
Điện thoại OPPO A60 8GB/128GB,/dtdd/oppo-a60-128gb,https://www.thegioididong.com/dtdd/oppo-a60-128gb
,javascript:;,https://www.thegioididong.comjavascript:;
,javascript:;,https://www.thegioididong.comjavascript:;
Điện thoại OPPO A5 Pro 8GB/256GB,/dtdd/oppo-a5-pro,https://www.thegioididong.com/dtdd/oppo-a5-pro
,javascript:;,https://www.thegioididong.comjavascript:;
,javascript:;,https://www.thegioididong.comjavascript:;
Điện thoại OPPO A3x 4GB/64GB,/dtdd/oppo-a3x-4gb-64gb,https://www.thegioididong.com/dtdd/oppo-a3x-4gb-64gb
,javascript:;,https://www.thegioididong.comjavascript:;
,javascript:;,https://www.thegioididong.comjavascript:;
Điện thoại realme C75 8GB/128GB,/dtdd/realme-c75-8gb-128gb,https://www.thegioididong.com/dtdd/realme-c75-8gb-128gb
,javascript:;,https://www.thegioididong.comjavascript:;
,javascript:;,https://www.thegioididong.comjavascript:;
Điện thoại vivo Y29 8GB/128GB,/dtdd/vivo-y29-8gb-128gb,https://www.thegioididong.com/dtdd/vivo-y29-8gb-128gb
,javascript:;,https://www.thegioididong.comjavascript:;
,javascript:;,https://www.thegioididong.comjavascript:;
Điện thoại HONOR X5b Plus 4GB/128GB,/dtdd/honor-x5b-plus,https://www.thegioididong.com/dtdd/honor-x5b-plus
,javascript:;,https://www.thegioididong.comjavascript:;
,javascript:;,https://www.thegioididong.comjavascript:;
Điện thoại iPhone 15 Plus 128GB,/dtdd/iphone-15-plus,https://www.thegioididong.com/dtdd/iphone-15-plus
,javascript:;,https://www.thegioididong.comjavascript:;
,javascript:;,https://www.thegioididong.comjavascript:;
Điện thoại iPhone 13 128GB,/dtdd/iphone-13,https://www.thegioididong.com/dtdd/iphone-13
,javascript:;,https://www.thegioididong.comjavascript:;
,javascript:;,https://www.thegioididong.comjavascript:;
Điện thoại Samsung Galaxy S24 FE 5G 8GB/256GB,/dtdd/samsung-galaxy-s24-fe-8gb-256gb,https://www.thegioididong.com/dtdd/samsung-galaxy-s24-fe-8gb-256gb
,javascript:;,https://www.thegioididong.comjavascript:;
,javascript:;,https://www.thegioididong.comjavascript:;
Điện thoại Samsung Galaxy S24 5G 8GB/256GB,/dtdd/samsung-galaxy-s24-256gb-5g,https://www.thegioididong.com/dtdd/samsung-galaxy-s24-256gb-5g
,javascript:;,https://www.thegioididong.comjavascript:;
,javascript:;,https://www.thegioididong.comjavascript:;
Điện thoại Xiaomi 14T 5G 12GB/256GB,/dtdd/xiaomi-14t-5g,https://www.thegioididong.com/dtdd/xiaomi-14t-5g
,javascript:;,https://www.thegioididong.comjavascript:;
,javascript:;,https://www.thegioididong.comjavascript:;
Điện thoại Xiaomi 14T Pro 5G 12GB/256GB,/dtdd/xiaomi-14t-pro-5g-12gb-256gb,https://www.thegioididong.com/dtdd/xiaomi-14t-pro-5g-12gb-256gb
,javascript:;,https://www.thegioididong.comjavascript:;
,javascript:;,https://www.thegioididong.comjavascript:;
Điện thoại OPPO A3 8GB/128GB,/dtdd/oppo-a3-8gb-128gb,https://www.thegioididong.com/dtdd/oppo-a3-8gb-128gb
,javascript:;,https://www.thegioididong.comjavascript:;
,javascript:;,https://www.thegioididong.comjavascript:;
Điện thoại Tecno Spark GO 1 3GB/64GB,/dtdd/tecno-spark-go-1,https://www.thegioididong.com/dtdd/tecno-spark-go-1
,javascript:;,https://www.thegioididong.comjavascript:;
,javascript:;,https://www.thegioididong.comjavascript:;
Điện thoại OPPO Reno12 F 8GB/256GB,/dtdd/oppo-reno12-f-4g-8gb-256gb,https://www.thegioididong.com/dtdd/oppo-reno12-f-4g-8gb-256gb
,javascript:;,https://www.thegioididong.comjavascript:;
,javascript:;,https://www.thegioididong.comjavascript:;
Điện thoại realme Note 60 6GB/128GB,/dtdd/realme-note-60,https://www.thegioididong.com/dtdd/realme-note-60
,javascript:;,https://www.thegioididong.comjavascript:;
,javascript:;,https://www.thegioididong.comjavascript:;
Điện thoại vivo Y19s 6GB/128GB,/dtdd/vivo-y19s-6gb-128gb,https://www.thegioididong.com/dtdd/vivo-y19s-6gb-128gb
,javascript:;,https://www.thegioididong.comjavascript:;
,javascript:;,https://www.thegioididong.comjavascript:;
Điện thoại HONOR X8b 8GB/512GB,/dtdd/honor-x8b,https://www.thegioididong.com/dtdd/honor-x8b
,javascript:;,https://www.thegioididong.comjavascript:;
,javascript:;,https://www.thegioididong.comjavascript:;
Điện thoại HONOR X6b 6GB/128GB Tím,/dtdd/honor-x6b-6gb-128gb,https://www.thegioididong.com/dtdd/honor-x6b-6gb-128gb
,javascript:;,https://www.thegioididong.comjavascript:;
,javascript:;,https://www.thegioididong.comjavascript:;
Điện thoại iPhone 14 128GB,/dtdd/iphone-14,https://www.thegioididong.com/dtdd/iphone-14
,javascript:;,https://www.thegioididong.comjavascript:;
,javascript:;,https://www.thegioididong.comjavascript:;
Điện thoại iPhone 15 Pro Max 256GB,/dtdd/iphone-15-pro-max,https://www.thegioididong.com/dtdd/iphone-15-pro-max
,javascript:;,https://www.thegioididong.comjavascript:;
,javascript:;,https://www.thegioididong.comjavascript:;
Điện thoại iPhone 12 64GB,/dtdd/iphone-12,https://www.thegioididong.com/dtdd/iphone-12
,javascript:;,https://www.thegioididong.comjavascript:;
,javascript:;,https://www.thegioididong.comjavascript:;
Điện thoại Xiaomi Redmi A3 3GB/64GB,/dtdd/xiaomi-redmi-a3,https://www.thegioididong.com/dtdd/xiaomi-redmi-a3
,javascript:;,https://www.thegioididong.comjavascript:;
,javascript:;,https://www.thegioididong.comjavascript:;
Điện thoại Xiaomi Redmi 13 6GB/128GB,/dtdd/xiaomi-redmi-13-6gb-128gb,https://www.thegioididong.com/dtdd/xiaomi-redmi-13-6gb-128gb
,javascript:;,https://www.thegioididong.comjavascript:;
,javascript:;,https://www.thegioididong.comjavascript:;
Điện thoại Samsung Galaxy S25 5G 12GB/256GB,/dtdd/samsung-galaxy-s25,https://www.thegioididong.com/dtdd/samsung-galaxy-s25
,javascript:;,https://www.thegioididong.comjavascript:;
,javascript:;,https://www.thegioididong.comjavascript:;
Điện thoại HONOR X5 Plus 4GB/64GB,/dtdd/honor-x5-plus,https://www.thegioididong.com/dtdd/honor-x5-plus
,javascript:;,https://www.thegioididong.comjavascript:;
,javascript:;,https://www.thegioididong.comjavascript:;
Điện thoại Xiaomi Redmi 14C 6GB/128GB,/dtdd/xiaomi-redmi-14c-6gb-128gb,https://www.thegioididong.com/dtdd/xiaomi-redmi-14c-6gb-128gb
,javascript:;,https://www.thegioididong.comjavascript:;
,javascript:;,https://www.thegioididong.comjavascript:;
Điện thoại OPPO Find X8 5G 16GB/512GB Hồng,/dtdd/oppo-find-x8-hong,https://www.thegioididong.com/dtdd/oppo-find-x8-hong
,javascript:;,https://www.thegioididong.comjavascript:;
,javascript:;,https://www.thegioididong.comjavascript:;
Điện thoại OPPO Find X8 Pro 5G 16GB/512GB,/dtdd/oppo-find-x8-pro,https://www.thegioididong.com/dtdd/oppo-find-x8-pro
,javascript:;,https://www.thegioididong.comjavascript:;
,javascript:;,https://www.thegioididong.comjavascript:;
Điện thoại realme 13+ 5G 12GB/256GB,/dtdd/realme-13-plus-5g,https://www.thegioididong.com/dtdd/realme-13-plus-5g
,javascript:;,https://www.thegioididong.comjavascript:;
,javascript:;,https://www.thegioididong.comjavascript:;
Điện thoại vivo Y04 4GB/128GB,/dtdd/vivo-y04,https://www.thegioididong.com/dtdd/vivo-y04
,javascript:;,https://www.thegioididong.comjavascript:;
,javascript:;,https://www.thegioididong.comjavascript:;
Điện thoại realme Note 60x 4GB/64GB,/dtdd/realme-note-60x-4gb,https://www.thegioididong.com/dtdd/realme-note-60x-4gb
,javascript:;,https://www.thegioididong.comjavascript:;
,javascript:;,https://www.thegioididong.comjavascript:;
Điện thoại vivo V40 Lite 8GB/256GB,/dtdd/vivo-v40-lite-8gb-256gb,https://www.thegioididong.com/dtdd/vivo-v40-lite-8gb-256gb
,javascript:;,https://www.thegioididong.comjavascript:;
,javascript:;,https://www.thegioididong.comjavascript:;
Điện thoại realme Note 50 3GB/64GB,/dtdd/realme-note-50-64gb,https://www.thegioididong.com/dtdd/realme-note-50-64gb
,javascript:;,https://www.thegioididong.comjavascript:;
,javascript:;,https://www.thegioididong.comjavascript:;
Điện thoại vivo V30 5G 12GB/512GB,/dtdd/vivo-v30,https://www.thegioididong.com/dtdd/vivo-v30
,javascript:;,https://www.thegioididong.comjavascript:;
,javascript:;,https://www.thegioididong.comjavascript:;
Điện thoại vivo V30e 5G 12GB/256GB,/dtdd/vivo-v30e-12gb,https://www.thegioididong.com/dtdd/vivo-v30e-12gb
,javascript:;,https://www.thegioididong.comjavascript:;
,javascript:;,https://www.thegioididong.comjavascript:;
Điện thoại OPPO Reno13 F 5G 8GB/256GB,/dtdd/oppo-reno13-f-5g,https://www.thegioididong.com/dtdd/oppo-reno13-f-5g
,javascript:;,https://www.thegioididong.comjavascript:;
,javascript:;,https://www.thegioididong.comjavascript:;
Điện thoại Xiaomi Redmi Note 14 8GB/128GB,/dtdd/xiaomi-redmi-note-14-8gb-128gb,https://www.thegioididong.com/dtdd/xiaomi-redmi-note-14-8gb-128gb
,javascript:;,https://www.thegioididong.comjavascript:;
,javascript:;,https://www.thegioididong.comjavascript:;
Điện thoại Samsung Galaxy A16 5G 8GB/256GB,/dtdd/samsung-galaxy-a16-5g,https://www.thegioididong.com/dtdd/samsung-galaxy-a16-5g
,javascript:;,https://www.thegioididong.comjavascript:;
,javascript:;,https://www.thegioididong.comjavascript:;
Điện thoại Xiaomi Redmi A5 3GB/64GB,/dtdd/xiaomi-redmi-a5-3gb-64gb,https://www.thegioididong.com/dtdd/xiaomi-redmi-a5-3gb-64gb
,javascript:;,https://www.thegioididong.comjavascript:;
,javascript:;,https://www.thegioididong.comjavascript:;
Điện thoại Samsung Galaxy A06 4GB/64GB,/dtdd/samsung-galaxy-a06-4gb-64gb,https://www.thegioididong.com/dtdd/samsung-galaxy-a06-4gb-64gb
,javascript:;,https://www.thegioididong.comjavascript:;
,javascript:;,https://www.thegioididong.comjavascript:;
Điện thoại Nokia HMD 105 4G,/dtdd/nokia-hmd-105-4g,https://www.thegioididong.com/dtdd/nokia-hmd-105-4g
,javascript:;,https://www.thegioididong.comjavascript:;
,javascript:;,https://www.thegioididong.comjavascript:;
Điện thoại Nokia 105 4G Pro,/dtdd/nokia-105-4g-pro,https://www.thegioididong.com/dtdd/nokia-105-4g-pro
,javascript:;,https://www.thegioididong.comjavascript:;
,javascript:;,https://www.thegioididong.comjavascript:;
Điện thoại Masstel IZI 10,/dtdd/masstel-izi-10,https://www.thegioididong.com/dtdd/masstel-izi-10
,javascript:;,https://www.thegioididong.comjavascript:;
,javascript:;,https://www.thegioididong.comjavascript:;
Điện thoại Viettel Sumo 4G T2,/dtdd/viettel-sumo-4g-t2,https://www.thegioididong.com/dtdd/viettel-sumo-4g-t2
,javascript:;,https://www.thegioididong.comjavascript:;
,javascript:;,https://www.thegioididong.comjavascript:;
Điện thoại Mobell M239 4G,/dtdd/mobell-m239,https://www.thegioididong.com/dtdd/mobell-m239
,javascript:;,https://www.thegioididong.comjavascript:;
,javascript:;,https://www.thegioididong.comjavascript:;
Điện thoại Mobell M331 4G,/dtdd/mobell-m331,https://www.thegioididong.com/dtdd/mobell-m331
,javascript:;,https://www.thegioididong.comjavascript:;
,javascript:;,https://www.thegioididong.comjavascript:;
Điện thoại Nokia 220 4G,/dtdd/nokia-220-4g,https://www.thegioididong.com/dtdd/nokia-220-4g
,javascript:;,https://www.thegioididong.comjavascript:;
,javascript:;,https://www.thegioididong.comjavascript:;
Điện thoại Mobell M539,/dtdd/mobell-m539,https://www.thegioididong.com/dtdd/mobell-m539
,javascript:;,https://www.thegioididong.comjavascript:;
,javascript:;,https://www.thegioididong.comjavascript:;
Điện thoại Masstel Fami 50 4G,/dtdd/masstel-fami-50,https://www.thegioididong.com/dtdd/masstel-fami-50
,javascript:;,https://www.thegioididong.comjavascript:;
,javascript:;,https://www.thegioididong.comjavascript:;
Điện thoại Benco 4G G3,/dtdd/benco-4g-g3,https://www.thegioididong.com/dtdd/benco-4g-g3
,javascript:;,https://www.thegioididong.comjavascript:;
,javascript:;,https://www.thegioididong.comjavascript:;
Điện thoại Masstel IZI T6 4G,/dtdd/masstel-izi-t6,https://www.thegioididong.com/dtdd/masstel-izi-t6
,javascript:;,https://www.thegioididong.comjavascript:;
,javascript:;,https://www.thegioididong.comjavascript:;
Điện thoại Mobell F309 4G,/dtdd/mobell-f309,https://www.thegioididong.com/dtdd/mobell-f309
,javascript:;,https://www.thegioididong.comjavascript:;
,javascript:;,https://www.thegioididong.comjavascript:;
Điện thoại Samsung Galaxy S24 Ultra 5G 12GB/256GB,/dtdd/samsung-galaxy-s24-ultra-5g,https://www.thegioididong.com/dtdd/samsung-galaxy-s24-ultra-5g
,javascript:;,https://www.thegioididong.comjavascript:;
,javascript:;,https://www.thegioididong.comjavascript:;
Điện thoại Nokia 110 4G Pro,/dtdd/nokia-110-4g-pro,https://www.thegioididong.com/dtdd/nokia-110-4g-pro
,javascript:;,https://www.thegioididong.comjavascript:;
,javascript:;,https://www.thegioididong.comjavascript:;
Điện thoại Samsung Galaxy A26 5G 6GB/128GB,/dtdd/samsung-galaxy-a26-6gb-128gb,https://www.thegioididong.com/dtdd/samsung-galaxy-a26-6gb-128gb
,javascript:;,https://www.thegioididong.comjavascript:;
,javascript:;,https://www.thegioididong.comjavascript:;
Điện thoại Xiaomi Redmi Note 14 5G 8GB/256GB,/dtdd/xiaomi-redmi-note-14-5g,https://www.thegioididong.com/dtdd/xiaomi-redmi-note-14-5g
,javascript:;,https://www.thegioididong.comjavascript:;
,javascript:;,https://www.thegioididong.comjavascript:;
Điện thoại HONOR X7c 8GB/256GB,/dtdd/honor-x7c,https://www.thegioididong.com/dtdd/honor-x7c
,javascript:;,https://www.thegioididong.comjavascript:;
,javascript:;,https://www.thegioididong.comjavascript:;
Điện thoại Samsung Galaxy M35 5G 8GB/256GB,/dtdd/samsung-galaxy-m35-5g,https://www.thegioididong.com/dtdd/samsung-galaxy-m35-5g
,javascript:;,https://www.thegioididong.comjavascript:;
,javascript:;,https://www.thegioididong.comjavascript:;
Điện thoại Nokia 3210 4G,/dtdd/nokia-3210-4g,https://www.thegioididong.com/dtdd/nokia-3210-4g
,javascript:;,https://www.thegioididong.comjavascript:;
,javascript:;,https://www.thegioididong.comjavascript:;
Điện thoại vivo Y03 4GB/128GB,/dtdd/vivo-y03,https://www.thegioididong.com/dtdd/vivo-y03
,javascript:;,https://www.thegioididong.comjavascript:;
,javascript:;,https://www.thegioididong.comjavascript:;
Điện thoại Samsung Galaxy S25 Plus 5G 12GB/256GB,/dtdd/samsung-galaxy-s25-plus,https://www.thegioididong.com/dtdd/samsung-galaxy-s25-plus
,javascript:;,https://www.thegioididong.comjavascript:;
,javascript:;,https://www.thegioididong.comjavascript:;
Điện thoại vivo V40 5G 12GB/256GB,/dtdd/vivo-v40-5g,https://www.thegioididong.com/dtdd/vivo-v40-5g
,javascript:;,https://www.thegioididong.comjavascript:;
,javascript:;,https://www.thegioididong.comjavascript:;
Điện thoại OPPO Reno12 5G 12GB/512GB,/dtdd/oppo-reno12-5g-12gb-512gb,https://www.thegioididong.com/dtdd/oppo-reno12-5g-12gb-512gb
,javascript:;,https://www.thegioididong.comjavascript:;
,javascript:;,https://www.thegioididong.comjavascript:;
Điện thoại vivo Y28 8GB/128GB,/dtdd/vivo-y28,https://www.thegioididong.com/dtdd/vivo-y28
,javascript:;,https://www.thegioididong.comjavascript:;
,javascript:;,https://www.thegioididong.comjavascript:;
Điện thoại realme C65s 6GB/128GB,/dtdd/realme-c65s,https://www.thegioididong.com/dtdd/realme-c65s
,javascript:;,https://www.thegioididong.comjavascript:;
,javascript:;,https://www.thegioididong.comjavascript:;
Điện thoại OPPO A58 8GB/128GB,/dtdd/oppo-a58-4g,https://www.thegioididong.com/dtdd/oppo-a58-4g
,javascript:;,https://www.thegioididong.comjavascript:;
,javascript:;,https://www.thegioididong.comjavascript:;
Điện thoại realme C71 4GB/128GB,/dtdd/realme-c71,https://www.thegioididong.com/dtdd/realme-c71
,javascript:;,https://www.thegioididong.comjavascript:;
,javascript:;,https://www.thegioididong.comjavascript:;
Điện thoại TCL 406s 4GB/64GB,/dtdd/tcl-406s,https://www.thegioididong.com/dtdd/tcl-406s
,javascript:;,https://www.thegioididong.comjavascript:;
,javascript:;,https://www.thegioididong.comjavascript:;
Điện thoại Tecno Spark 30C 6GB/128GB,/dtdd/tecno-spark-30c,https://www.thegioididong.com/dtdd/tecno-spark-30c
,javascript:;,https://www.thegioididong.comjavascript:;
,javascript:;,https://www.thegioididong.comjavascript:;
Điện thoại Samsung Galaxy A16 8GB/128GB,/dtdd/samsung-galaxy-a16-8gb-128gb,https://www.thegioididong.com/dtdd/samsung-galaxy-a16-8gb-128gb
,javascript:;,https://www.thegioididong.comjavascript:;
,javascript:;,https://www.thegioididong.comjavascript:;
Điện thoại Mobell F209,/dtdd/mobell-f209,https://www.thegioididong.com/dtdd/mobell-f209
,javascript:;,https://www.thegioididong.comjavascript:;
,javascript:;,https://www.thegioididong.comjavascript:;
Điện thoại Masstel Fami 60S 4G,/dtdd/masstel-fami-60s,https://www.thegioididong.com/dtdd/masstel-fami-60s
,javascript:;,https://www.thegioididong.comjavascript:;
,javascript:;,https://www.thegioididong.comjavascript:;
Điện thoại Itel it9310,/dtdd/itel-it9310,https://www.thegioididong.com/dtdd/itel-it9310
,javascript:;,https://www.thegioididong.comjavascript:;
,javascript:;,https://www.thegioididong.comjavascript:;
Điện thoại TCL 605 4GB/128GB,/dtdd/tcl-605-4-128gb,https://www.thegioididong.com/dtdd/tcl-605-4-128gb
,javascript:;,https://www.thegioididong.comjavascript:;
,javascript:;,https://www.thegioididong.comjavascript:;
Điện thoại Samsung Galaxy A55 5G 8GB/256GB,/dtdd/samsung-galaxy-a55-5g-8-256,https://www.thegioididong.com/dtdd/samsung-galaxy-a55-5g-8-256
,javascript:;,https://www.thegioididong.comjavascript:;
,javascript:;,https://www.thegioididong.comjavascript:;
Điện thoại realme 12 8GB/256GB,/dtdd/realme-12,https://www.thegioididong.com/dtdd/realme-12
,javascript:;,https://www.thegioididong.comjavascript:;
,javascript:;,https://www.thegioididong.comjavascript:;
Điện thoại OPPO Find N3 Flip 5G 12GB/256GB Hồng,/dtdd/oppo-find-n3-flip-hong,https://www.thegioididong.com/dtdd/oppo-find-n3-flip-hong
,javascript:;,https://www.thegioididong.comjavascript:;
,javascript:;,https://www.thegioididong.comjavascript:;
Điện thoại vivo Y18 4GB/128GB,/dtdd/vivo-y18-4gb-128gb,https://www.thegioididong.com/dtdd/vivo-y18-4gb-128gb
,javascript:;,https://www.thegioididong.comjavascript:;
,javascript:;,https://www.thegioididong.comjavascript:;
Điện thoại Itel it9211,/dtdd/itel-it9211,https://www.thegioididong.com/dtdd/itel-it9211
,javascript:;,https://www.thegioididong.comjavascript:;
,javascript:;,https://www.thegioididong.comjavascript:;
Điện thoại OPPO Reno12 5G 12GB/256GB Hồng,/dtdd/oppo-reno12-5g-12gb-256gb-hong,https://www.thegioididong.com/dtdd/oppo-reno12-5g-12gb-256gb-hong
,javascript:;,https://www.thegioididong.comjavascript:;
,javascript:;,https://www.thegioididong.comjavascript:;
Điện thoại vivo Y100 8GB/256GB,/dtdd/vivo-y100,https://www.thegioididong.com/dtdd/vivo-y100
,javascript:;,https://www.thegioididong.comjavascript:;
,javascript:;,https://www.thegioididong.comjavascript:;
Điện thoại OPPO Reno12 F 5G 12GB/256GB,/dtdd/oppo-reno12-f-5g-12gb-256gb,https://www.thegioididong.com/dtdd/oppo-reno12-f-5g-12gb-256gb
,javascript:;,https://www.thegioididong.comjavascript:;
,javascript:;,https://www.thegioididong.comjavascript:;
Điện thoại OPPO Find N3 5G 16GB/512GB,/dtdd/oppo-find-n3,https://www.thegioididong.com/dtdd/oppo-find-n3
,javascript:;,https://www.thegioididong.comjavascript:;
,javascript:;,https://www.thegioididong.comjavascript:;
Điện thoại Tecno Spark 30 5G 6GB/128GB,/dtdd/tecno-spark-30-5g,https://www.thegioididong.com/dtdd/tecno-spark-30-5g
,javascript:;,https://www.thegioididong.comjavascript:;
,javascript:;,https://www.thegioididong.comjavascript:;
Điện thoại iPhone 14 Plus 128GB,/dtdd/iphone-14-plus,https://www.thegioididong.com/dtdd/iphone-14-plus
,javascript:;,https://www.thegioididong.comjavascript:;
,javascript:;,https://www.thegioididong.comjavascript:;
Điện thoại OPPO Reno12 Pro 5G 12GB/512GB,/dtdd/oppo-reno12-pro,https://www.thegioididong.com/dtdd/oppo-reno12-pro
,javascript:;,https://www.thegioididong.comjavascript:;
,javascript:;,https://www.thegioididong.comjavascript:;
Điện thoại TCL 60 NXTPaper 8GB/256GB,/dtdd/tcl-60-nxtpaper,https://www.thegioididong.com/dtdd/tcl-60-nxtpaper
,javascript:;,https://www.thegioididong.comjavascript:;
,javascript:;,https://www.thegioididong.comjavascript:;
Điện thoại HONOR 200 5G 12GB/256GB,/dtdd/honor-200-12gb-256gb,https://www.thegioididong.com/dtdd/honor-200-12gb-256gb
,javascript:;,https://www.thegioididong.comjavascript:;
,javascript:;,https://www.thegioididong.comjavascript:;
Điện thoại HONOR Magic V3 5G 12GB/512GB,/dtdd/honor-magic-v3,https://www.thegioididong.com/dtdd/honor-magic-v3
,javascript:;,https://www.thegioididong.comjavascript:;
,javascript:;,https://www.thegioididong.comjavascript:;
Điện thoại Samsung Galaxy Z Flip6 5G 12GB/512GB,/dtdd/samsung-galaxy-z-flip6-512gb,https://www.thegioididong.com/dtdd/samsung-galaxy-z-flip6-512gb
,javascript:;,https://www.thegioididong.comjavascript:;
,javascript:;,https://www.thegioididong.comjavascript:;
Điện thoại iPhone 15 Pro 1TB,/dtdd/iphone-15-pro-1tb,https://www.thegioididong.com/dtdd/iphone-15-pro-1tb
,javascript:;,https://www.thegioididong.comjavascript:;
,javascript:;,https://www.thegioididong.comjavascript:;
Điện thoại OPPO A38 6GB/128GB,/dtdd/oppo-a38-6gb,https://www.thegioididong.com/dtdd/oppo-a38-6gb
,javascript:;,https://www.thegioididong.comjavascript:;
,javascript:;,https://www.thegioididong.comjavascript:;
Điện thoại Samsung Galaxy M15 5G 6GB/128GB,/dtdd/samsung-galaxy-m15,https://www.thegioididong.com/dtdd/samsung-galaxy-m15
,javascript:;,https://www.thegioididong.comjavascript:;
,javascript:;,https://www.thegioididong.comjavascript:;
Pin sạc dự phòng 10000mAh Type C PD QC 3.0 33W Xiaomi PB1033MI kèm Cáp Type C,/sac-dtdd/pin-sac-du-phong-10000mah-type-c-pd-qc-3-0-33w-xiaomi-pb1033mi,https://www.thegioididong.com/sac-dtdd/pin-sac-du-phong-10000mah-type-c-pd-qc-3-0-33w-xiaomi-pb1033mi
,javascript:;,https://www.thegioididong.comjavascript:;
,javascript:;,https://www.thegioididong.comjavascript:;
Pin sạc dự phòng Polymer 10000mAh Không dây Magnetic Type C PD QC 3.0 20W Ugreen PB206,/sac-dtdd/sac-du-phong-polymer-10000mah-khong-day-magnetic-type-c-pd-20w-ugreen-pb206,https://www.thegioididong.com/sac-dtdd/sac-du-phong-polymer-10000mah-khong-day-magnetic-type-c-pd-20w-ugreen-pb206
,javascript:;,https://www.thegioididong.comjavascript:;
,javascript:;,https://www.thegioididong.comjavascript:;
Pin sạc dự phòng 10000mAh Type C PD QC 3.0 55W Xmobile JP326,/sac-dtdd/pin-sac-du-phong-10000mah-type-c-pd-qc-3-0-55w-xmobile-jp326,https://www.thegioididong.com/sac-dtdd/pin-sac-du-phong-10000mah-type-c-pd-qc-3-0-55w-xmobile-jp326
,javascript:;,https://www.thegioididong.comjavascript:;
,javascript:;,https://www.thegioididong.comjavascript:;
Pin sạc dự phòng Polymer 10.000mAh 3 in 1 Magnetic Type C PD QC 3.0 22.5W Xmobile DX367 tích hợp Adapter sạc,/sac-dtdd/sac-du-phong-polymer-10000mah-3in1-magnetic-pd-qc-3-0-22-5w-xmobile-dx367,https://www.thegioididong.com/sac-dtdd/sac-du-phong-polymer-10000mah-3in1-magnetic-pd-qc-3-0-22-5w-xmobile-dx367
,javascript:;,https://www.thegioididong.comjavascript:;
,javascript:;,https://www.thegioididong.comjavascript:;
Pin sạc dự phòng Polymer 10000mAh Không dây Magnetic Type C PD 30W Anker Zolo A1684,/sac-dtdd/sac-du-phong-polymer-10000mah-khong-day-magnetic-typec-30w-anker-zolo-a1684,https://www.thegioididong.com/sac-dtdd/sac-du-phong-polymer-10000mah-khong-day-magnetic-typec-30w-anker-zolo-a1684
,javascript:;,https://www.thegioididong.comjavascript:;
,javascript:;,https://www.thegioididong.comjavascript:;
Pin sạc dự phòng Polymer 20000mAh Type C PD QC 3.0 45W Xmobile MH803 kèm Cáp Lightning và Type C,/sac-dtdd/pin-sac-du-phong-polymer-20000mah-type-c-pd-qc-3-0-45w-xmobile-mh803,https://www.thegioididong.com/sac-dtdd/pin-sac-du-phong-polymer-20000mah-type-c-pd-qc-3-0-45w-xmobile-mh803
,javascript:;,https://www.thegioididong.comjavascript:;
,javascript:;,https://www.thegioididong.comjavascript:;
Pin sạc dự phòng 10000mAh Type C PD QC 3.0 45W Baseus PicoGo PPPG-1W45C kèm Cáp Type C,/sac-dtdd/pin-sac-du-phong-10000mah-type-c-pd-qc-3-0-45w-baseus-picogo-pppg-1w45c,https://www.thegioididong.com/sac-dtdd/pin-sac-du-phong-10000mah-type-c-pd-qc-3-0-45w-baseus-picogo-pppg-1w45c
,javascript:;,https://www.thegioididong.comjavascript:;
,javascript:;,https://www.thegioididong.comjavascript:;
Pin sạc dự phòng 10000mAh Type C PD 22.5W Xmobile NeoMice GN-82 kèm Cáp Lightning và Type C,/sac-dtdd/pin-sac-du-phong-10000mah-type-c-pd-22-5w-xmobile-neomice-gn-82,https://www.thegioididong.com/sac-dtdd/pin-sac-du-phong-10000mah-type-c-pd-22-5w-xmobile-neomice-gn-82
,javascript:;,https://www.thegioididong.comjavascript:;
,javascript:;,https://www.thegioididong.comjavascript:;
Pin sạc dự phòng Polymer 20000mAh Type C 10.5W AVA+ G-DX258 kèm Cáp Lightning và Cáp Type C,/sac-dtdd/pin-sac-du-phong-polymer-20000mah-type-c-10-5w-ava-g-dx258,https://www.thegioididong.com/sac-dtdd/pin-sac-du-phong-polymer-20000mah-type-c-10-5w-ava-g-dx258
,javascript:;,https://www.thegioididong.comjavascript:;
,javascript:;,https://www.thegioididong.comjavascript:;
Pin sạc dự phòng Polymer 20000mAh Type C 10.5W AVA+ G-289 kèm Cáp Lightning - Type C - Micro,/sac-dtdd/pin-sac-du-phong-polymer-20000mah-type-c-10-5w-ava-g-289,https://www.thegioididong.com/sac-dtdd/pin-sac-du-phong-polymer-20000mah-type-c-10-5w-ava-g-289
,javascript:;,https://www.thegioididong.comjavascript:;
,javascript:;,https://www.thegioididong.comjavascript:;
Pin sạc dự phòng Polymer 10000mAh Không dây Magnetic Type C PD 20W Xmobile JP331,/sac-dtdd/sac-du-phong-polymer-10000mah-khong-day-magnetic-type-c-20w-xmobile-jp331,https://www.thegioididong.com/sac-dtdd/sac-du-phong-polymer-10000mah-khong-day-magnetic-type-c-20w-xmobile-jp331
,javascript:;,https://www.thegioididong.comjavascript:;
,javascript:;,https://www.thegioididong.comjavascript:;
Pin sạc dự phòng 20000mAh Type C PD QC 3.0 22.5W Xmobile YM-672,/sac-dtdd/pin-sac-du-phong-20000mah-type-c-pd-qc-3-0-22-5w-xmobile-ym-672-den,https://www.thegioididong.com/sac-dtdd/pin-sac-du-phong-20000mah-type-c-pd-qc-3-0-22-5w-xmobile-ym-672-den
,javascript:;,https://www.thegioididong.comjavascript:;
,javascript:;,https://www.thegioididong.comjavascript:;
Pin sạc dự phòng Polymer 20000mAh Type C PD QC 3.0 22.5W Xmobile A16,/sac-dtdd/pin-sac-du-phong-polymer-20000mah-type-c-pd-qc-3-0-22-5w-xmobile-a16-xanh,https://www.thegioididong.com/sac-dtdd/pin-sac-du-phong-polymer-20000mah-type-c-pd-qc-3-0-22-5w-xmobile-a16-xanh
,javascript:;,https://www.thegioididong.comjavascript:;
,javascript:;,https://www.thegioididong.comjavascript:;
Pin sạc dự phòng 20000mAh Type C PD 22.5W Baseus Lipow PPJP312 kèm Cáp Lightning và Type C,/sac-dtdd/pin-sac-du-phong-20000mah-type-c-pd-22-5w-baseus-lipow-ppjp312,https://www.thegioididong.com/sac-dtdd/pin-sac-du-phong-20000mah-type-c-pd-22-5w-baseus-lipow-ppjp312
,javascript:;,https://www.thegioididong.comjavascript:;
,javascript:;,https://www.thegioididong.comjavascript:;
Pin sạc dự phòng Polymer 20000mAh Type C PD QC 3.0 30W Anker Zolo A1681 kèm Cáp Lightning và Type C,/sac-dtdd/pin-sac-du-phong-polymer-20000mah-type-c-pd-qc-3-0-30w-anker-zolo-a1681,https://www.thegioididong.com/sac-dtdd/pin-sac-du-phong-polymer-20000mah-type-c-pd-qc-3-0-30w-anker-zolo-a1681
,javascript:;,https://www.thegioididong.comjavascript:;
,javascript:;,https://www.thegioididong.comjavascript:;
Pin sạc dự phòng Polymer 10000mAh Type C PD QC 3.0 30W Anker Zolo A1688 kèm Cáp Type C,/sac-dtdd/sac-du-phong-polymer-10000mah-type-c-pd-qc-3-0-30w-anker-zolo-a1688,https://www.thegioididong.com/sac-dtdd/sac-du-phong-polymer-10000mah-type-c-pd-qc-3-0-30w-anker-zolo-a1688
,javascript:;,https://www.thegioididong.comjavascript:;
,javascript:;,https://www.thegioididong.comjavascript:;
Pin sạc dự phòng Polymer 20000mAh Type C PD QC 3.0 30W Anker Zolo A1689 kèm Cáp Type C,/sac-dtdd/pin-sac-du-phong-polymer-20000mah-type-c-pd-qc-3-0-30w-anker-zolo-a1689,https://www.thegioididong.com/sac-dtdd/pin-sac-du-phong-polymer-20000mah-type-c-pd-qc-3-0-30w-anker-zolo-a1689
,javascript:;,https://www.thegioididong.comjavascript:;
,javascript:;,https://www.thegioididong.comjavascript:;
Pin sạc dự phòng Polymer 10000mAh Type C 10.5W Hydrus K108 kèm Cáp Lightning - Type C - Micro,/sac-dtdd/pin-sac-du-phong-polymer-10000mah-type-c-10-5w-hydrus-k108?utm_flashsale=1,https://www.thegioididong.com/sac-dtdd/pin-sac-du-phong-polymer-10000mah-type-c-10-5w-hydrus-k108?utm_flashsale=1
,javascript:;,https://www.thegioididong.comjavascript:;
,javascript:;,https://www.thegioididong.comjavascript:;
Pin sạc dự phòng 10000mAh Type C PD QC 3.0 30W Xmobile Y75,/sac-dtdd/pin-sac-du-phong-10000mah-type-c-pd-qc-3-0-30w-xmobile-y75?utm_flashsale=1,https://www.thegioididong.com/sac-dtdd/pin-sac-du-phong-10000mah-type-c-pd-qc-3-0-30w-xmobile-y75?utm_flashsale=1
,javascript:;,https://www.thegioididong.comjavascript:;
,javascript:;,https://www.thegioididong.comjavascript:;
Pin sạc dự phòng 10000mAh Type C PD 22.5W Xmobile H19 kèm Cáp Lightning và Type C,/sac-dtdd/pin-sac-du-phong-10000mah-type-c-pd-22-5w-xmobile-h19-kem-cap-lightning-type-c,https://www.thegioididong.com/sac-dtdd/pin-sac-du-phong-10000mah-type-c-pd-22-5w-xmobile-h19-kem-cap-lightning-type-c
,javascript:;,https://www.thegioididong.comjavascript:;
,javascript:;,https://www.thegioididong.comjavascript:;
Pin sạc dự phòng Polymer 10000mAh không dây Magnetic Qi2 Type C PD 27W Anker MagGo A1654,/sac-dtdd/sac-du-phong-10000mah-khong-day-magnetic-qi2-typec-pd-27w-anker-maggo-a1654,https://www.thegioididong.com/sac-dtdd/sac-du-phong-10000mah-khong-day-magnetic-qi2-typec-pd-27w-anker-maggo-a1654
,javascript:;,https://www.thegioididong.comjavascript:;
,javascript:;,https://www.thegioididong.comjavascript:;
Pin sạc dự phòng Polymer 20000mAh Type C PD QC 3.0 22.5W Hydrus KP223 kèm Cáp Lightning và Cáp Type C,/sac-dtdd/pin-sac-du-phong-polymer-20000mah-type-c-pd-qc-3-0-22-5w-hydrus-kp223?utm_flashsale=1,https://www.thegioididong.com/sac-dtdd/pin-sac-du-phong-polymer-20000mah-type-c-pd-qc-3-0-22-5w-hydrus-kp223?utm_flashsale=1
,javascript:;,https://www.thegioididong.comjavascript:;
,javascript:;,https://www.thegioididong.comjavascript:;
Pin sạc dự phòng Polymer 10000mAh Không dây Magnetic Qi2 Type C PD 20W Ugreen PB763,/sac-dtdd/pin-sac-du-phong-polymer-10000mah-khong-day-qi2-type-c-pd-20w-ugreen-pb763,https://www.thegioididong.com/sac-dtdd/pin-sac-du-phong-polymer-10000mah-khong-day-qi2-type-c-pd-20w-ugreen-pb763
,javascript:;,https://www.thegioididong.comjavascript:;
,javascript:;,https://www.thegioididong.comjavascript:;
Pin sạc dự phòng Polymer 10000mAh Type C PD QC 3.0 30W Ugreen Uno PB511 kèm Cáp Type C,/sac-dtdd/pin-sac-du-phong-polymer-10000mah-type-c-pd-qc-3-0-30w-ugreen-uno-pb511,https://www.thegioididong.com/sac-dtdd/pin-sac-du-phong-polymer-10000mah-type-c-pd-qc-3-0-30w-ugreen-uno-pb511
,javascript:;,https://www.thegioididong.comjavascript:;
,javascript:;,https://www.thegioididong.comjavascript:;
Pin sạc dự phòng 20000mAh Type C PD QC 3.0 130W Ugreen PB721,/sac-dtdd/pin-sac-du-phong-20000mah-type-c-pd-qc-3-0-130w-ugreen-pb721,https://www.thegioididong.com/sac-dtdd/pin-sac-du-phong-20000mah-type-c-pd-qc-3-0-130w-ugreen-pb721
,javascript:;,https://www.thegioididong.comjavascript:;
,javascript:;,https://www.thegioididong.comjavascript:;
Pin sạc dự phòng 10000mAh Không dây Magnetic Qi2 Type C PD 45W Baseus Nomos PPNMS-1030SC kèm Cáp Type C,/sac-dtdd/sac-du-phong-10000mah-magnetic-qi2-type-c-pd-45w-baseus-nomos-ppnms-1030sc,https://www.thegioididong.com/sac-dtdd/sac-du-phong-10000mah-magnetic-qi2-type-c-pd-45w-baseus-nomos-ppnms-1030sc
,javascript:;,https://www.thegioididong.comjavascript:;
,javascript:;,https://www.thegioididong.comjavascript:;
Pin sạc dự phòng 10000mAh Type C PD QC 3.0 165W Xiaomi PB1165MI kèm Cáp Type C,/sac-dtdd/pin-sac-du-phong-10000mah-type-c-pd-qc-3-0-165w-xiaomi-pb1165mi,https://www.thegioididong.com/sac-dtdd/pin-sac-du-phong-10000mah-type-c-pd-qc-3-0-165w-xiaomi-pb1165mi
,javascript:;,https://www.thegioididong.comjavascript:;
,javascript:;,https://www.thegioididong.comjavascript:;
Pin sạc dự phòng Polymer 27650mAh Type C PD QC 3.0 250W Anker Prime A1340,/sac-dtdd/pin-sac-du-phong-polymer-27650mah-type-c-pd-qc-3-0-250w-anker-prime-a1340,https://www.thegioididong.com/sac-dtdd/pin-sac-du-phong-polymer-27650mah-type-c-pd-qc-3-0-250w-anker-prime-a1340
,javascript:;,https://www.thegioididong.comjavascript:;
,javascript:;,https://www.thegioididong.comjavascript:;
Pin sạc dự phòng Polymer 10000mAh Không dây Magnetic Qi2 Type C PD 20W Ugreen Uno PB764,/sac-dtdd/sac-du-phong-polymer-10000mah-khong-day-qi2-type-c-pd-20w-ugreen-uno-pb764,https://www.thegioididong.com/sac-dtdd/sac-du-phong-polymer-10000mah-khong-day-qi2-type-c-pd-20w-ugreen-uno-pb764
,javascript:;,https://www.thegioididong.comjavascript:;
,javascript:;,https://www.thegioididong.comjavascript:;
Pin sạc dự phòng 27000mAh Type C PD QC 3.0 100W Xmobile M3 tích hợp đèn Pin,/sac-dtdd/pin-sac-du-phong-27000mah-type-c-pd-qc-3-0-100w-xmobile-m3,https://www.thegioididong.com/sac-dtdd/pin-sac-du-phong-27000mah-type-c-pd-qc-3-0-100w-xmobile-m3
,javascript:;,https://www.thegioididong.comjavascript:;
,javascript:;,https://www.thegioididong.comjavascript:;
Pin sạc dự phòng 10000mAh Type C PD QC 3.0 22.5W Xiaomi Lite P16ZM,/sac-dtdd/pin-sac-du-phong-10000mah-type-c-pd-qc-3-0-22-5w-xiaomi-lite-p16zm,https://www.thegioididong.com/sac-dtdd/pin-sac-du-phong-10000mah-type-c-pd-qc-3-0-22-5w-xiaomi-lite-p16zm
,javascript:;,https://www.thegioididong.comjavascript:;
,javascript:;,https://www.thegioididong.comjavascript:;
Pin sạc dự phòng 20000mAh Type C PD QC 3.0 33W Xiaomi PB2030MI kèm Cáp Type C,/sac-dtdd/pin-sac-du-phong-20000mah-type-c-pd-qc-3-0-33w-xiaomi-pb2030mi,https://www.thegioididong.com/sac-dtdd/pin-sac-du-phong-20000mah-type-c-pd-qc-3-0-33w-xiaomi-pb2030mi
,javascript:;,https://www.thegioididong.comjavascript:;
,javascript:;,https://www.thegioididong.comjavascript:;
Pin sạc dự phòng Polymer 20000mAh Type C 10W Hydrus Z203 kèm Cáp Lightning - Type C - Micro - USB,/sac-dtdd/pin-sac-du-phong-polymer-20000mah-type-c-10w-hydrus-z203?utm_flashsale=1,https://www.thegioididong.com/sac-dtdd/pin-sac-du-phong-polymer-20000mah-type-c-10w-hydrus-z203?utm_flashsale=1
,javascript:;,https://www.thegioididong.comjavascript:;
,javascript:;,https://www.thegioididong.comjavascript:;
Pin sạc dự phòng Polymer 10000mAh Không dây Magnetic Type C PD 30W Anker Zolo A1685 kèm Cáp Type C,/sac-dtdd/pin-sac-du-phong-polymer-10000mah-khong-day-magnetic-type-c-pd-30w-anker-zolo-a1685,https://www.thegioididong.com/sac-dtdd/pin-sac-du-phong-polymer-10000mah-khong-day-magnetic-type-c-pd-30w-anker-zolo-a1685
,javascript:;,https://www.thegioididong.comjavascript:;
,javascript:;,https://www.thegioididong.comjavascript:;
Pin sạc dự phòng 10000mAh Type C PD QC 3.0 22.5W Hydrus K98 kèm Cáp Lightning và Cáp Type C,/sac-dtdd/pin-sac-du-phong-10000mah-type-c-pd-qc-3-0-22-5w-hydrus-k98?utm_flashsale=1,https://www.thegioididong.com/sac-dtdd/pin-sac-du-phong-10000mah-type-c-pd-qc-3-0-22-5w-hydrus-k98?utm_flashsale=1
,javascript:;,https://www.thegioididong.comjavascript:;
,javascript:;,https://www.thegioididong.comjavascript:;
Pin sạc dự phòng Polymer 10000mAh Không dây Magnetic Qi2 Type C PD 30W Anker MagGo A1664,/sac-dtdd/sac-du-phong-polymer-10000mah-khong-day-magnetic-qi2-30w-anker-maggo-a1664,https://www.thegioididong.com/sac-dtdd/sac-du-phong-polymer-10000mah-khong-day-magnetic-qi2-30w-anker-maggo-a1664
,javascript:;,https://www.thegioididong.comjavascript:;
,javascript:;,https://www.thegioididong.comjavascript:;
Pin sạc dự phòng Polymer 10000mAh Không dây Magnetic Type C PD 20W Ugreen PB562,/sac-dtdd/sac-du-phong-polymer-10000mah-khong-day-magnetic-type-c-pd-20w-ugreen-pb562,https://www.thegioididong.com/sac-dtdd/sac-du-phong-polymer-10000mah-khong-day-magnetic-type-c-pd-20w-ugreen-pb562
,javascript:;,https://www.thegioididong.comjavascript:;
,javascript:;,https://www.thegioididong.comjavascript:;
Pin sạc dự phòng Polymer 20000mAh Type C PD 65W Baseus Free2Pull PPLSC01-20 kèm cáp Type C,/sac-dtdd/pin-sac-du-phong-polymer-20000mah-type-c-pd-65w-baseus-free2pull-pplsc01-20,https://www.thegioididong.com/sac-dtdd/pin-sac-du-phong-polymer-20000mah-type-c-pd-65w-baseus-free2pull-pplsc01-20
,javascript:;,https://www.thegioididong.comjavascript:;
,javascript:;,https://www.thegioididong.comjavascript:;
Pin sạc dự phòng 10000mAh Type C PD QC 3.0 22.5W Xmobile MH806 kèm Cáp Lightning và Type C,/sac-dtdd/pin-sac-du-phong-10000mah-type-c-pd-qc-3-0-22-5w-xmobile-mh806,https://www.thegioididong.com/sac-dtdd/pin-sac-du-phong-10000mah-type-c-pd-qc-3-0-22-5w-xmobile-mh806
,javascript:;,https://www.thegioididong.comjavascript:;
,javascript:;,https://www.thegioididong.comjavascript:;
Pin sạc dự phòng 20000mAh Type C PD QC 3.0 100W Xmobile GN-100 kèm Cáp Lightning và Type C,/sac-dtdd/pin-sac-du-phong-20000mah-type-c-pd-qc-3-0-100w-xmobile-gn-100,https://www.thegioididong.com/sac-dtdd/pin-sac-du-phong-20000mah-type-c-pd-qc-3-0-100w-xmobile-gn-100
,javascript:;,https://www.thegioididong.comjavascript:;
,javascript:;,https://www.thegioididong.comjavascript:;
Pin sạc dự phòng 20000mAh Không dây Magnetic Qi2 Type C PD QC 3.0 145W Ugreen PB771,/sac-dtdd/pin-sac-du-phong-20000mah-khong-day-qi2-type-c-pd-qc-3-0-145w-ugreen-pb771,https://www.thegioididong.com/sac-dtdd/pin-sac-du-phong-20000mah-khong-day-qi2-type-c-pd-qc-3-0-145w-ugreen-pb771
,javascript:;,https://www.thegioididong.comjavascript:;
,javascript:;,https://www.thegioididong.comjavascript:;
Pin sạc dự phòng Polymer 10000mAh Type C PD QC 3.0 30W Anker Zolo A1680 kèm Cáp Lightning và Type C,/sac-dtdd/pin-sac-du-phong-polymer-10000mah-type-c-pd-qc-3-0-30w-anker-zolo-a1680,https://www.thegioididong.com/sac-dtdd/pin-sac-du-phong-polymer-10000mah-type-c-pd-qc-3-0-30w-anker-zolo-a1680
,javascript:;,https://www.thegioididong.comjavascript:;
,javascript:;,https://www.thegioididong.comjavascript:;
Pin sạc dự phòng Polymer 10000mAh Type C PD 30W Baseus Free2Pull PPSS1030 kèm Cáp Type C,/sac-dtdd/sac-du-phong-polymer-10000mah-type-c-pd-30w-baseus-free2pull-ppss1030-kem-cap-type-c,https://www.thegioididong.com/sac-dtdd/sac-du-phong-polymer-10000mah-type-c-pd-30w-baseus-free2pull-ppss1030-kem-cap-type-c
,javascript:;,https://www.thegioididong.comjavascript:;
,javascript:;,https://www.thegioididong.comjavascript:;
Pin sạc dự phòng 10000mAh Type C PD 22.5W Xmobile SnapGo R-38 kèm Cáp Lightning và Type C,/sac-dtdd/pin-sac-du-phong-10000mah-type-c-pd-22-5w-xmobile-snapgo-r-38,https://www.thegioididong.com/sac-dtdd/pin-sac-du-phong-10000mah-type-c-pd-22-5w-xmobile-snapgo-r-38
,javascript:;,https://www.thegioididong.comjavascript:;
,javascript:;,https://www.thegioididong.comjavascript:;
Pin sạc dự phòng 25000mAh Type C PD QC 3.0 200W Ugreen PB722,/sac-dtdd/pin-sac-du-phong-25000mah-type-c-pd-qc-3-0-200w-ugreen-pb722,https://www.thegioididong.com/sac-dtdd/pin-sac-du-phong-25000mah-type-c-pd-qc-3-0-200w-ugreen-pb722
,javascript:;,https://www.thegioididong.comjavascript:;
,javascript:;,https://www.thegioididong.comjavascript:;
Pin sạc dự phòng 9600mAh Type C PD 65W Anker Prime Fusion A1339 tích hợp Adapter sạc,/sac-dtdd/sac-du-phong-9600mah-adapter-sac-type-c-pd-65w-anker-prime-fusion-a1339,https://www.thegioididong.com/sac-dtdd/sac-du-phong-9600mah-adapter-sac-type-c-pd-65w-anker-prime-fusion-a1339
,javascript:;,https://www.thegioididong.comjavascript:;
,javascript:;,https://www.thegioididong.comjavascript:;
Pin sạc dự phòng Polymer 20000mAh Type C PD QC 3.0 22.5W Xmobile T178BLF tích hợp Adapter sạc,/sac-dtdd/pin-sac-du-phong-polymer-20000mah-type-c-pd-qc-3-0-22-5w-xmobile-t178blf,https://www.thegioididong.com/sac-dtdd/pin-sac-du-phong-polymer-20000mah-type-c-pd-qc-3-0-22-5w-xmobile-t178blf
,javascript:;,https://www.thegioididong.comjavascript:;
,javascript:;,https://www.thegioididong.comjavascript:;
Pin sạc dự phòng 10000mAh Type C PD 30W Anker Nano A1657 kèm Cáp Type C và Sạc Apple Watch,/sac-dtdd/pin-sac-du-phong-10000mah-type-c-pd-30w-anker-nano-a1657,https://www.thegioididong.com/sac-dtdd/pin-sac-du-phong-10000mah-type-c-pd-30w-anker-nano-a1657
,javascript:;,https://www.thegioididong.comjavascript:;
,javascript:;,https://www.thegioididong.comjavascript:;
Pin sạc dự phòng Polymer 20000mAh 10.5W AVA+ Q7,/sac-dtdd/pin-sac-du-phong-polymer-20000mah-10-5w-ava-plus-q7,https://www.thegioididong.com/sac-dtdd/pin-sac-du-phong-polymer-20000mah-10-5w-ava-plus-q7
,javascript:;,https://www.thegioididong.comjavascript:;
,javascript:;,https://www.thegioididong.comjavascript:;
Pin sạc dự phòng 10000mAh Type C PD QC 3.0 22.5W Xmobile JP325 kèm Cáp Lightning và Cáp Type C,/sac-dtdd/sac-du-phong-10000mah-type-c-pd-qc-3-0-22-5w-xmobile-jp325,https://www.thegioididong.com/sac-dtdd/sac-du-phong-10000mah-type-c-pd-qc-3-0-22-5w-xmobile-jp325
,javascript:;,https://www.thegioididong.comjavascript:;
,javascript:;,https://www.thegioididong.comjavascript:;
Pin sạc dự phòng Polymer 10000mAh không dây Magnetic Type C PD 20W Xmobile T156,/sac-dtdd/sac-du-phong-polymer-10000mah-khong-day-magnetic-type-c-pd-20w-xmobile-t156?utm_flashsale=1,https://www.thegioididong.com/sac-dtdd/sac-du-phong-polymer-10000mah-khong-day-magnetic-type-c-pd-20w-xmobile-t156?utm_flashsale=1
,javascript:;,https://www.thegioididong.comjavascript:;
,javascript:;,https://www.thegioididong.comjavascript:;
Pin sạc dự phòng Polymer 10000mAh Không dây Magnetic Type C PD QC 3.0 22.5W Xmobile M12-3,/sac-dtdd/pin-sac-du-phong-polymer-10000mah-khong-day-magnetic-type-c-pd-qc-3-0-22-5w-xmobile-m12-3,https://www.thegioididong.com/sac-dtdd/pin-sac-du-phong-polymer-10000mah-khong-day-magnetic-type-c-pd-qc-3-0-22-5w-xmobile-m12-3
,javascript:;,https://www.thegioididong.comjavascript:;
,javascript:;,https://www.thegioididong.comjavascript:;
Pin sạc dự phòng 10000mAh Type C PD QC 3.0 30W Anker Nano A1259 kèm cáp Type C,/sac-dtdd/pin-sac-du-phong-10000mah-type-c-pd-qc-3-0-30w-anker-nano-a1259?utm_flashsale=1,https://www.thegioididong.com/sac-dtdd/pin-sac-du-phong-10000mah-type-c-pd-qc-3-0-30w-anker-nano-a1259?utm_flashsale=1
,javascript:;,https://www.thegioididong.comjavascript:;
,javascript:;,https://www.thegioididong.comjavascript:;
Pin sạc dự phòng Polymer 10000mAh 12W AVA+ DS808A,/sac-dtdd/pin-sac-du-phong-polymer-10000mah-ava-ds808a,https://www.thegioididong.com/sac-dtdd/pin-sac-du-phong-polymer-10000mah-ava-ds808a
,javascript:;,https://www.thegioididong.comjavascript:;
,javascript:;,https://www.thegioididong.comjavascript:;
Pin sạc dự phòng Polymer 20000mAh Type C PD 30W Baseus Qpow 2 PPQD4-20C kèm Cáp Type C,/sac-dtdd/pin-sac-du-phong-polymer-20000mah-type-c-pd-30w-baseus-qpow-2-ppqd4-20c,https://www.thegioididong.com/sac-dtdd/pin-sac-du-phong-polymer-20000mah-type-c-pd-30w-baseus-qpow-2-ppqd4-20c
,javascript:;,https://www.thegioididong.comjavascript:;
,javascript:;,https://www.thegioididong.comjavascript:;
Pin sạc dự phòng Polymer 10000mAh 12W AVA+ JP299,/sac-dtdd/pin-sac-du-phong-polymer-10000mah-ava-jp299?utm_flashsale=1,https://www.thegioididong.com/sac-dtdd/pin-sac-du-phong-polymer-10000mah-ava-jp299?utm_flashsale=1
,javascript:;,https://www.thegioididong.comjavascript:;
,javascript:;,https://www.thegioididong.comjavascript:;
Pin sạc dự phòng Polymer 10000mAh Type C PD 30W Baseus Qpow 2 PPQD4-10C kèm Cáp Type C,/sac-dtdd/pin-sac-du-phong-polymer-10000mah-type-c-pd-30w-baseus-qpow-2-ppqd4-10c?utm_flashsale=1,https://www.thegioididong.com/sac-dtdd/pin-sac-du-phong-polymer-10000mah-type-c-pd-30w-baseus-qpow-2-ppqd4-10c?utm_flashsale=1
,javascript:;,https://www.thegioididong.comjavascript:;
,javascript:;,https://www.thegioididong.comjavascript:;
Pin sạc dự phòng Polymer 10000mAh 12W AVA+ DS609A,/sac-dtdd/pin-sac-du-phong-polymer-10000mah-12w-ava-ds609a,https://www.thegioididong.com/sac-dtdd/pin-sac-du-phong-polymer-10000mah-12w-ava-ds609a
,javascript:;,https://www.thegioididong.comjavascript:;
,javascript:;,https://www.thegioididong.comjavascript:;
Pin sạc dự phòng Polymer 10.000 mAh 12W AVA+ PJ JP192,/sac-dtdd/ava-pj-jp192?utm_flashsale=1,https://www.thegioididong.com/sac-dtdd/ava-pj-jp192?utm_flashsale=1
,javascript:;,https://www.thegioididong.comjavascript:;
,javascript:;,https://www.thegioididong.comjavascript:;
Pin sạc dự phòng Polymer 20000mAh Type C PD QC3.0 20W Xmobile DS223B,/sac-dtdd/pin-sac-du-phong-polymer-20000mah-type-c-pd-qc3-0-20w-xmobile-ds223b,https://www.thegioididong.com/sac-dtdd/pin-sac-du-phong-polymer-20000mah-type-c-pd-qc3-0-20w-xmobile-ds223b
,javascript:;,https://www.thegioididong.comjavascript:;
,javascript:;,https://www.thegioididong.comjavascript:;
Pin sạc dự phòng Polymer 20000mAh Type C PD QC 3.0 22.5W Xmobile MH811 kèm Cáp Lightning và Type C,/sac-dtdd/sac-du-phong-polymer-20000mah-type-c-pd-qc-3-0-22-5w-xmobile-mh811,https://www.thegioididong.com/sac-dtdd/sac-du-phong-polymer-20000mah-type-c-pd-qc-3-0-22-5w-xmobile-mh811
,javascript:;,https://www.thegioididong.comjavascript:;
,javascript:;,https://www.thegioididong.comjavascript:;
Pin sạc dự phòng 10000mAh Type C PD QC3.0 22.5W Xmobile T121,/sac-dtdd/pin-sac-du-phong-10000mah-type-c-pd-qc3-0-22-5w-xmobile-t121?utm_flashsale=1,https://www.thegioididong.com/sac-dtdd/pin-sac-du-phong-10000mah-type-c-pd-qc3-0-22-5w-xmobile-t121?utm_flashsale=1
,javascript:;,https://www.thegioididong.comjavascript:;
,javascript:;,https://www.thegioididong.comjavascript:;
Pin sạc dự phòng Polymer 10000mAh Type C PD 20W Baseus Bipow Pro PPBD2-1020,/sac-dtdd/pin-sac-du-phong-polymer-10000mah-type-c-pd-20w-baseus-bipow-pro-ppbd2-1020,https://www.thegioididong.com/sac-dtdd/pin-sac-du-phong-polymer-10000mah-type-c-pd-20w-baseus-bipow-pro-ppbd2-1020
,javascript:;,https://www.thegioididong.comjavascript:;
,javascript:;,https://www.thegioididong.comjavascript:;
Pin sạc dự phòng 24000mAh Type C PD QC 3.0 140W Anker PowerCore A1289,/sac-dtdd/pin-sac-du-phong-24000mah-type-c-pd-qc-3-0-140w-anker-powercore-a1289,https://www.thegioididong.com/sac-dtdd/pin-sac-du-phong-24000mah-type-c-pd-qc-3-0-140w-anker-powercore-a1289
,javascript:;,https://www.thegioididong.comjavascript:;
,javascript:;,https://www.thegioididong.comjavascript:;
Pin sạc dự phòng Polymer 10000mAh 10.5W AVA+ GN-05,/sac-dtdd/pin-sac-du-phong-polymer-10000mah-10-5w-ava-plus-gn-05,https://www.thegioididong.com/sac-dtdd/pin-sac-du-phong-polymer-10000mah-10-5w-ava-plus-gn-05
,javascript:;,https://www.thegioididong.comjavascript:;
,javascript:;,https://www.thegioididong.comjavascript:;
Pin sạc dự phòng Polymer 20000mAh Type C PD QC 3.0 22.5W Xmobile S2032U kèm cáp Lightning và Type C,/sac-dtdd/sac-du-phong-20000mah-typecpd-22-5w-xmobile-s2032u-cap-lightning-va-type-c,https://www.thegioididong.com/sac-dtdd/sac-du-phong-20000mah-typecpd-22-5w-xmobile-s2032u-cap-lightning-va-type-c
,javascript:;,https://www.thegioididong.comjavascript:;
,javascript:;,https://www.thegioididong.comjavascript:;
Pin sạc dự phòng 10000mAh Type C 15W AVA+ DS608A,/sac-dtdd/pin-sac-du-phong-10000mah-type-c-15w-ava-ds608a,https://www.thegioididong.com/sac-dtdd/pin-sac-du-phong-10000mah-type-c-15w-ava-ds608a
,javascript:;,https://www.thegioididong.comjavascript:;
,javascript:;,https://www.thegioididong.comjavascript:;
Pin sạc dự phòng Polymer 10000mAh Type C 15W AVA+ JP399,/sac-dtdd/pin-sac-du-phong-polymer-10000mah-type-c-15w-ava-jp399,https://www.thegioididong.com/sac-dtdd/pin-sac-du-phong-polymer-10000mah-type-c-15w-ava-jp399
,javascript:;,https://www.thegioididong.comjavascript:;
,javascript:;,https://www.thegioididong.comjavascript:;
Pin sạc dự phòng Polymer 10000mAh Type C PD 22.5W Baseus Comet PPMD10 kèm cáp Lightning và Type C,/sac-dtdd/sac-du-phong-10000mah-typecpd-22-5w-baseus-ppmd10-cap-lightning-va-typec,https://www.thegioididong.com/sac-dtdd/sac-du-phong-10000mah-typecpd-22-5w-baseus-ppmd10-cap-lightning-va-typec
,javascript:;,https://www.thegioididong.comjavascript:;
,javascript:;,https://www.thegioididong.comjavascript:;
Pin sạc dự phòng Polymer 20000mAh Type C PD 22.5W Baseus Comet PPMD20 kèm cáp Lightning và Type C,/sac-dtdd/sac-du-phong-20000mah-typecpd-22-5w-baseus-ppmd20-cap-lightning-va-typec,https://www.thegioididong.com/sac-dtdd/sac-du-phong-20000mah-typecpd-22-5w-baseus-ppmd20-cap-lightning-va-typec
,javascript:;,https://www.thegioididong.comjavascript:;
,javascript:;,https://www.thegioididong.comjavascript:;
Pin sạc dự phòng Polymer 10000mAh 12W AVA+ DS266C,/sac-dtdd/pin-sac-du-phong-polymer-10000mah-12w-ava-ds266c,https://www.thegioididong.com/sac-dtdd/pin-sac-du-phong-polymer-10000mah-12w-ava-ds266c
,javascript:;,https://www.thegioididong.comjavascript:;
,javascript:;,https://www.thegioididong.comjavascript:;
Pin sạc dự phòng Polymer 20000mAh Type C PD QC 3.0 20W Baseus Bipow 2 PPBD2-2W20 kèm Cáp Dây Rút Type C,/sac-dtdd/sac-du-phong-polymer-20000mah-type-c-pd-qc-30-20w-baseus-bipow-2-ppbd2-2w20,https://www.thegioididong.com/sac-dtdd/sac-du-phong-polymer-20000mah-type-c-pd-qc-30-20w-baseus-bipow-2-ppbd2-2w20
,javascript:;,https://www.thegioididong.comjavascript:;
,javascript:;,https://www.thegioididong.comjavascript:;
Pin sạc dự phòng 10000 mAh Type C PD 25W Samsung EB-P3400,/sac-dtdd/pin-sac-du-phong-10000mah-type-c-pd-samsung-eb-p3400,https://www.thegioididong.com/sac-dtdd/pin-sac-du-phong-10000mah-type-c-pd-samsung-eb-p3400
,javascript:;,https://www.thegioididong.comjavascript:;
,javascript:;,https://www.thegioididong.comjavascript:;
Pin sạc dự phòng Polymer 10000mAh không dây Magnetic Type C PD 30W Baseus PPCXM10T kèm cáp Type C,/sac-dtdd/sac-du-phong-10000mah-magnetic-typecpd-30w-baseus-ppcxm10t-kem-cap-type-c,https://www.thegioididong.com/sac-dtdd/sac-du-phong-10000mah-magnetic-typecpd-30w-baseus-ppcxm10t-kem-cap-type-c
,javascript:;,https://www.thegioididong.comjavascript:;
,javascript:;,https://www.thegioididong.comjavascript:;
Pin sạc dự phòng 20000mAh Type C PD 45W Samsung EB-P4520,/sac-dtdd/pin-sac-du-phong-20000mah-type-c-pd-45w-samsung-eb-p4520,https://www.thegioididong.com/sac-dtdd/pin-sac-du-phong-20000mah-type-c-pd-45w-samsung-eb-p4520
,javascript:;,https://www.thegioididong.comjavascript:;
,javascript:;,https://www.thegioididong.comjavascript:;
Pin sạc dự phòng 10000mAh Không dây Type C PD 25W Samsung EB-U2510,/sac-dtdd/pin-sac-du-phong-10000mah-khong-day-type-c-pd-25w-samsung-eb-u2510,https://www.thegioididong.com/sac-dtdd/pin-sac-du-phong-10000mah-khong-day-type-c-pd-25w-samsung-eb-u2510
,javascript:;,https://www.thegioididong.comjavascript:;
,javascript:;,https://www.thegioididong.comjavascript:;
Pin sạc dự phòng 20000mAh Type C PD QC 3.0 200W Anker Prime A1336,/sac-dtdd/pin-sac-du-phong-20000mah-type-c-pd-qc-3-0-200w-anker-prime-a1336,https://www.thegioididong.com/sac-dtdd/pin-sac-du-phong-20000mah-type-c-pd-qc-3-0-200w-anker-prime-a1336
,javascript:;,https://www.thegioididong.comjavascript:;
,javascript:;,https://www.thegioididong.comjavascript:;
Pin sạc dự phòng 10000mAh Type C PD QC 3.0 30W Anker A1256,/sac-dtdd/pin-sac-du-phong-10000mah-type-c-pd-qc-3-0-30w-anker-a1256?utm_flashsale=1,https://www.thegioididong.com/sac-dtdd/pin-sac-du-phong-10000mah-type-c-pd-qc-3-0-30w-anker-a1256?utm_flashsale=1
,javascript:;,https://www.thegioididong.comjavascript:;
,javascript:;,https://www.thegioididong.comjavascript:;
Pin sạc dự phòng Polymer 20.000 mAh Type C PD QC3.0 18W Xmobile PowerBox P69D,/sac-dtdd/sac-du-phong-polymer-20000mah-type-c-xmobile-p69d,https://www.thegioididong.com/sac-dtdd/sac-du-phong-polymer-20000mah-type-c-xmobile-p69d
,javascript:;,https://www.thegioididong.comjavascript:;
,javascript:;,https://www.thegioididong.comjavascript:;
Pin sạc dự phòng 10000mAh Type C PD 22.5W Xmobile SnapGo GS-M3 kèm Cáp Lightning và Type C,/sac-dtdd/pin-sac-du-phong-10000mah-all-in-1-type-c-pd-22-5w-xmobile-snapgo-gs-m3,https://www.thegioididong.com/sac-dtdd/pin-sac-du-phong-10000mah-all-in-1-type-c-pd-22-5w-xmobile-snapgo-gs-m3
,javascript:;,https://www.thegioididong.comjavascript:;
,javascript:;,https://www.thegioididong.comjavascript:;
