Word,Frequency
tốt,9542
không,9201
rất,6727
được,6133
mua,5928
sạc,5363
có,4538
máy,4311
thì,4285
dùng,4226
mình,3968
sản,3885
pin,3875
phẩm,3816
nghe,3575
là,3058
mới,2991
hàng,2870
nhanh,2742
bị,2739
và,2730
viên,2674
giá,2655
nhân,2640
mà,2610
nhưng,2452
điện,2357
dụng,2342
cho,2189
này,2152
ổn,2151
tai,2129
sử,2027
với,1934
tình,1922
lại,1890
cũng,1779
thấy,1739
đẹp,1732
nên,1713
quá,1708
thoại,1699
động,1687
khi,1685
lượng,1684
xài,1679
nhiệt,1648
đã,1636
thế,1603
tôi,1569
về,1559
chất,1540
bảo,1492
như,1464
giới,1449
ngày,1436
đổi,1380
còn,1363
âm,1361
di,1352
tháng,1349
phải,1339
hình,1337
hay,1328
lúc,1325
hơn,1325
trong,1303
chưa,1301
hành,1293
của,1275
ra,1264
để,1256
rồi,1237
hết,1236
ạ,1218
sao,1199
cái,1172
vào,1158
dây,1117
sài,1113
lỗi,1106
lâu,1106
cảm,1073
độ,1065
lần,1059
hơi,1041
khá,1040
nói,1024
gì,1022
chỉ,1018
bên,1008
em,1002
vấn,991
biết,956
chuột,949
vẫn,947
lòng,947
tầm,944
kết,939
nhiều,925
thanh,894
hài,892
lắm,884
nối,883
vụ,881
luôn,874
giờ,854
vậy,847
ở,835
cả,828
người,807
nữa,797
giao,796
tiền,791
tư,789
in,784
sẽ,777
dễ,767
mượt,764
đầu,757
khác,757
các,754
sau,754
vừa,747
bạn,742
hợp,732
phục,719
đến,706
nhận,705
nhỏ,701
rõ,700
lên,695
nào,691
tại,688
nó,685
nóng,684
định,681
gọi,665
thời,661
qua,652
tệ,651
màu,647
màn,647
làm,636
con,635
tiếng,630
mất,613
trợ,611
cáp,603
thiết,603
bền,601
hiện,600
đi,600
thích,592
từ,585
đầy,573
xanh,558
một,557
trên,553
hỗ,550
hôm,547
chung,542
báo,540
gian,539
tiện,536
thường,532
mọi,522
đang,521
chậm,520
chắc,519
tự,510
hãng,510
cục,510
khách,507
mấy,505
rẻ,501
camera,500
vì,497
to,494
ảnh,490
loa,490
chơi,489
gọn,487
xem,486
tuyệt,482
năm,480
vô,474
thể,468
bình,465
tay,463
bán,461
đặt,457
đó,456
trước,455
game,453
dù,453
chính,446
iphone,444
do,442
nha,438
hỏi,437
êm,437
so,432
wifi,431
kế,430
thêm,428
cách,428
hư,423
nay,417
chụp,415
cao,414
năng,413
nhạc,413
ơn,409
muốn,408
ngon,408
cần,404
tuần,402
trả,398
nét,398
nếu,397
ứng,395
đáng,395
nhạy,395
vời,393
cắm,391
tin,387
vọng,386
sáng,384
chạy,382
tạm,379
sóng,377
nhà,373
thứ,371
tiếp,371
thôi,364
lý,362
đúng,360
tắt,359
tới,356
nhé,354
mạng,354
tính,353
theo,353
gần,353
đều,347
kém,347
cứ,340
sự,339
ngoài,337
khó,336
chế,336
bắt,335
thân,334
đây,333
ý,332
mở,332
mực,331
điểm,329
cửa,328
bass,327
đánh,323
liên,320
mong,319
trâu,317
hộp,314
phát,313
phòng,310
thật,309
chu,307
cầm,307
số,304
phù,304
đáo,302
giảm,302
xong,301
tận,301
phần,300
nhất,300
loại,298
thông,295
chứ,294
thiện,294
sắc,294
vui,291
bao,290
đèn,290
cài,287
khoảng,287
mang,284
thất,283
dài,282
công,279
nhẹ,278
dung,277
vài,277
nhìn,277
chuyển,276
c,275
cực,273
tâm,273
tục,272
đề,271
củ,271
yếu,269
nghiệm,266
điều,266
chắn,264
lợi,263
lớn,261
ai,259
vẻ,259
tốc,259
chán,258
bấm,257
cùng,256
những,256
dịch,254
thay,252
dự,252
hộ,250
ng,247
mặt,247
nhớ,243
đeo,243
bằng,241
hiệu,241
siêu,240
ủng,240
sang,239
cũ,238
đủ,237
thẻ,236
shop,235
dòng,235
trải,235
mỗi,235
thị,231
việc,231
bỏ,231
nhiên,230
tuy,227
ít,227
cam,225
phím,225
lag,224
rè,223
hỏng,223
bàn,222
đem,222
thương,222
lắp,222
mạnh,222
tra,221
kiểu,220
liệu,218
chịu,217
anh,215
đêm,215
mic,215
tụt,214
n,214
kiểm,213
thử,212
mẫu,207
hoạt,205
đâu,203
đơ,203
nguồn,202
usb,199
tối,198
thiệu,198
bật,197
hồi,197
cầu,195
bản,193
hiểu,191
lấy,190
thành,190
mặc,190
giật,189
dẫn,185
ưng,184
mức,182
nút,181
ồn,181
lưu,180
thực,179
mắt,179
ghi,179
chê,178
toàn,177
đồng,174
giác,174
chức,173
ban,172
lướt,171
mã,171
chập,171
chỉnh,171
hướng,170
xạc,170
đau,170
chị,168
cổng,168
chuẩn,168
chờn,168
xuống,167
i,167
apple,166
samsung,166
hệ,166
video,163
quay,163
gửi,162
chống,162
chọn,161
dữ,161
mau,159
hai,157
sách,156
thái,156
mãi,155
sai,153
hoặc,152
ngay,151
bộ,151
br,151
xuất,150
tương,149
xa,147
bây,145
a,145
phí,144
tác,144
tưởng,144
tuột,143
giải,142
yên,142
kỹ,140
sd,140
cuộc,138
oppo,138
ngắt,138
trung,137
kèm,137
giúp,137
biệt,136
xin,136
an,136
kêu,136
mn,136
bất,135
chữ,133
thu,132
chi,132
đợi,132
ấm,132
dmx,132
nhu,132
hoàn,129
app,129
cứng,128
thi,128
khỏi,126
chờ,126
gia,126
online,125
phụ,125
đồ,125
chỗ,123
chút,123
đa,123
bluetooth,123
trạng,122
minh,122
phim,122
y,122
nguyên,121
túi,121
nhắn,121
tín,120
thua,120
trang,120
mềm,120
đối,119
đặc,118
pro,117
sim,116
ăn,116
sac,115
phút,113
web,112
tìm,112
chân,112
đen,112
chiều,112
giấy,111
đọc,109
may,109
gắn,109
hao,108
thuật,108
cấu,108
cáo,108
trừ,107
à,107
tượng,107
sạt,106
ràng,106
rat,106
đôi,105
test,105
tui,105
ốp,104
trọng,104
tải,103
zalo,102
giống,101
tất,101
kì,101
cập,101
chuyện,101
kh,101
đơn,101
xử,100
admin,100
mờ,100
trắng,100
youtube,100
nhỉ,99
quảng,99
phản,98
sửa,98
chăm,98
bé,98
lỏng,98
facebook,97
tặng,97
càng,97
phân,97
rớt,97
bin,97
nước,96
khắc,96
trái,96
đường,95
kia,95
tiết,95
bè,95
nghĩ,94
nhiêu,94
xíu,94
sóc,94
chuyên,92
áp,92
tiên,91
cơ,91
quản,91
dán,91
nổi,91
tí,91
sợ,90
tế,90
khuyến,90
ngoại,90
yêu,90
tiếc,90
kiện,89
h,89
dáng,88
nh,88
đứt,88
tổng,87
la,87
truyền,87
vỏ,87
tăng,86
nửa,86
ưu,86
hạn,86
laptop,85
max,84
học,84
nhau,84
bực,84
v,84
dàng,84
mái,83
gãy,83
quan,82
đừng,82
khởi,82
thống,82
kích,82
nhật,82
cân,82
nặng,82
hát,82
hoài,81
co,81
ha,81
kỳ,80
văn,80
xịn,80
thoảng,80
chiếc,80
lưng,79
good,79
ma,79
nhờ,79
du,79
seal,78
xinh,78
lịch,78
trường,78
sa,78
trữ,78
quen,77
nơi,77
hiển,77
đấy,77
đài,76
thoải,76
rút,76
kĩ,76
gặp,76
cấp,75
chả,75
triệu,75
kinh,75
xiaomi,75
xuyên,75
đàm,75
chóng,74
nokia,74
bữa,73
tôt,73
rơi,73
chấp,73
lời,72
đắt,72
lí,71
tinh,71
tội,71
vân,71
ấy,71
tả,71
xe,71
quả,70
trời,70
đứng,70
thuận,70
gói,70
tên,69
xứng,69
thấp,69
chủ,69
xác,68
type,68
va,68
á,67
lo,67
bi,67
thao,67
trễ,67
cuối,66
thức,66
micro,66
trình,66
brother,66
mắc,65
hẳn,65
sinh,65
tuổi,65
nge,65
nghiệp,64
sale,64
coi,64
cám,64
chạm,63
lun,63
tốn,63
quyết,62
thiếu,62
trực,62
hẹn,62
dưới,62
lăn,62
click,62
vệ,61
chip,61
ơi,61
nhảy,61
check,61
vạch,61
từng,61
ipad,60
sẵn,60
góp,60
lực,60
ram,60
bù,60
ta,60
đáp,60
khủng,60
nhắc,60
router,60
khuyên,59
diện,59
ngắn,59
mô,59
vị,58
nháy,58
dở,58
hi,58
đỉnh,58
kiệm,58
riêng,58
nhan,58
hồ,57
nhược,57
rộng,57
san,57
đỡ,57
bọc,57
uy,56
gấp,56
bóc,56
xước,56
long,56
xấu,56
redmi,56
nhựa,56
chẳng,55
trí,55
giữ,55
tháo,55
dừng,55
nam,54
ấn,54
ae,54
ba,54
vàng,53
khỏe,53
gây,53
đóng,53
s,53
note,53
nhe,53
khúc,53
thỉnh,53
tô,53
rung,52
cung,52
hề,52
toán,52
cỡ,51
đưa,51
sớm,51
buồn,51
giản,51
khoẻ,51
màng,51
bh,51
nhấp,51
râ,51
lỗ,51
thiệt,50
đời,50
chấm,50
đỏ,50
hồng,50
u,50
chuông,50
băng,50
mát,49
phong,49
miếng,49
dấu,49
p,49
rât,49
biến,49
lẽ,49
ty,48
nhiệm,48
dạng,48
kể,48
hưởng,47
bài,47
vòng,47
hang,47
cố,47
đăng,46
họ,46
tần,46
bt,46
xoay,46
niềm,45
tức,45
nhập,45
mẹ,45
danh,45
lẫn,45
góc,45
sạch,45
giây,45
phê,45
suất,44
xét,44
sâu,44
nà,44
kính,44
đợt,44
lựa,44
moi,44
led,44
ô,44
ích,43
lắc,43
quân,43
đình,43
su,43
trầy,43
chia,43
sẻ,43
liền,43
mỏng,43
đòi,43
cap,43
kẹt,43
sợi,42
on,42
cường,42
tóm,42
tài,42
đầm,42
nè,42
gốc,42
nắp,42
scan,42
đập,41
lầm,41
bề,41
hổ,41
sống,41
dày,41
ổ,41
da,40
trị,40
linh,40
thegioididong,40
tân,40
vien,40
khoản,40
cháy,40
viết,40
mi,40
tiêu,40
lỡ,40
chăng,40
cộng,39
full,39
cải,39
ảo,39
mục,39
ghê,39
khả,39
phone,39
tùy,39
nghệ,39
tập,39
đệm,39
ngờ,38
giữa,38
nắm,38
vivo,38
sát,38
trở,38
thận,38
chai,38
sướng,38
dk,38
phâ,38
tích,38
canon,38
khui,37
loạn,37
android,37
zin,37
ios,37
kéo,37
o,37
vu,37
chí,37
hy,37
khong,37
đươ,37
mai,37
treo,37
trách,36
nhánh,36
lai,36
gái,36
ve,36
rỏ,36
sập,36
rưỡi,36
pubg,36
trẻ,36
cá,36
đươc,36
ký,36
ngang,36
việt,36
lightning,36
duy,35
trc,35
cẩn,35
xai,35
nguyễn,35
xảy,35
phồng,35
ca,35
trăm,35
ship,35
quên,35
đông,34
tết,34
viền,34
tp,34
z,34
mùa,34
lẹ,34
gi,34
nữ,34
hà,34
nhấn,34
tấm,34
gõ,34
copy,34
sony,34
hp,34
tờ,34
tiktok,33
đảm,33
im,33
nền,33
bung,33
trưa,33
tạo,33
đo,33
bạ,33
toi,33
tróc,32
kiến,32
suốt,32
khoá,32
đổ,32
ghé,32
sánh,32
nhầm,32
cụ,32
sung,32
chú,32
đạt,32
tê,32
lan,32
tivi,32
ghim,32
day,32
lẻo,32
thủ,31
cây,31
đại,31
sơn,31
thoát,31
nâng,31
nổ,31
realme,31
bám,31
bố,31
sam,31
buổi,31
lừa,31
jack,31
ti,31
chảy,31
airpods,31
xmobile,31
logitech,31
phú,30
khóa,30
ánh,30
phiền,30
bổ,30
giọng,30
nhìu,30
cu,30
chứng,30
kiếm,30
sư,30
kê,30
shipper,30
treble,30
xưa,29
chào,29
reset,29
hoi,29
lệch,29
tam,29
đk,29
vẩn,29
ch,29
dân,29
phép,29
lành,29
chói,29
căng,29
load,29
rùi,29
cùi,29
galaxy,29
dể,29
vải,29
adapter,29
hú,29
dính,28
ultra,28
đội,28
xã,28
ss,28
hảo,28
call,28
kha,28
đón,28
nạp,28
vỡ,28
sơ,28
kho,28
trầm,28
cấm,28
khiển,28
chúc,27
nghị,27
cọc,27
bẩn,27
truy,27
bóng,27
câu,27
dành,27
nằm,27
hở,27
mưa,27
đành,27
pham,27
chép,27
bì,27
văng,26
noi,26
mỏi,26
ôm,26
cx,26
onl,26
model,26
thanks,26
kim,26
gàng,26
chục,26
dám,26
macbook,26
tầng,26
tím,25
bụi,25
nhạt,25
hối,25
hận,25
thui,25
hả,25
dè,25
đích,25
tham,25
cskh,25
dõi,25
tu,25
hoá,25
nội,25
ngủ,25
khu,25
đảo,25
mah,25
kén,25
anker,25
driver,25
modem,25
promax,24
khăn,24
ngồi,24
internet,24
thậm,24
quốc,24
chữa,24
trãi,24
ninh,24
dùm,24
phía,24
airpod,24
sắm,24
mướt,24
sức,24
dạ,24
trò,24
thank,24
ngược,24
lương,24
the,24
bà,24
delay,24
lót,24
đẩy,23
trơn,23
sọc,23
nản,23
cong,23
bay,23
rối,23
ah,23
hòa,23
tròn,23
sắp,23
dương,23
hiểm,23
hd,23
tạp,23
cạnh,23
phủ,23
bơm,23
lẻ,22
plus,22
na,22
dưng,22
thắc,22
lau,22
mỹ,22
vặt,22
vẽ,22
mại,22
lác,22
link,22
miễn,22
rằng,22
chừng,22
lạ,22
hóa,22
vi,22
vực,22
tử,22
khẩu,22
chát,22
hông,22
cấn,22
km,22
trân,22
lươ,22
ù,22
face,21
quà,21
chớp,21
voi,21
nhôm,21
khung,21
khảo,21
cóc,21
giang,21
hút,21
tường,21
đãi,21
sụt,21
nở,21
dư,21
vâ,21
đe,21
chiếu,21
ông,21
ngàn,21
chết,21
xóa,21
hầu,21
phuc,21
chat,21
file,21
hời,21
bát,21
volume,21
vứt,21
khít,21
pc,21
ức,20
lạc,20
ôn,20
hội,20
nc,20
lớp,20
tung,20
thẩm,20
ms,20
smartphone,20
phố,20
tránh,20
mơ,20
xúc,20
dụ,20
khuyết,20
google,20
mệt,20
kịp,20
đựng,20
trục,20
già,20
thiên,20
dpi,20
ngũ,19
hữu,19
chương,19
mật,19
lạnh,19
phầm,19
chua,19
hậu,19
bth,19
gởi,19
hong,19
tý,19
nhiet,19
alo,19
cảnh,19
cua,19
phết,19
thoi,19
ân,19
đỗi,19
đê,19
ví,19
gạch,19
điên,19
phận,19
okie,19
trúng,19
lập,19
địa,19
lễ,19
đoạn,19
mùi,19
ava,19
chuô,19
cà,18
tt,18
thước,18
reno,18
củng,18
phức,18
keo,18
hên,18
messenger,18
fps,18
hôi,18
bác,18
đậm,18
trông,18
quang,18
kênh,18
w,18
giãn,18
bệnh,18
bội,18
duoc,18
phiên,18
mẽ,18
bong,18
song,18
khay,18
quần,18
châ,18
no,18
săn,18
đụng,18
dải,18
se,18
đế,18
jbl,18
mesh,18
hại,17
vết,17
luận,17
xui,17
khiến,17
tiệm,17
out,17
bớt,17
nhoè,17
phương,17
ngân,17
hic,17
nấy,17
hinh,17
wed,17
lổi,17
sdt,17
bò,17
tg,17
triển,17
hãy,17
tn,17
ro,17
lung,17
nhét,17
chổ,17
khớp,17
ngại,17
photo,17
thừa,16
chối,16
dậy,16
thang,16
lô,16
hoà,16
xám,16
dô,16
zoom,16
nhức,16
phổ,16
tem,16
nhàng,16
xs,16
phông,16
bận,16
tịt,16
sờ,16
dịp,16
vợ,16
mơi,16
trưng,16
vê,16
dẻo,16
phạm,16
vầy,16
cty,16
trai,16
luong,16
tỉnh,16
thoai,16
giựt,16
cai,16
sat,16
hok,16
vặn,16
radio,16
đùng,16
phảm,16
gạo,16
dơ,16
nhiê,16
buds,16
ry,16
rê,16
dỏm,15
dần,15
sở,15
sảm,15
võ,15
khen,15
nhưg,15
rách,15
dep,15
tươi,15
bó,15
vơ,15
mini,15
flash,15
cắt,15
đức,15
mê,15
rành,15
hô,15
cư,15
man,15
chiến,15
chợ,15
van,15
sữ,15
mịn,15
buộc,15
dê,15
phu,15
khựng,15
tùm,15
trặc,15
lọc,15
cặp,15
air,15
chui,15
cốc,15
rò,15
mid,15
edm,15
điếc,15
asus,15
aa,15
microsoft,15
sandisk,15
suy,14
mượn,14
châu,14
ngầm,14
roi,14
vãi,14
lâm,14
dien,14
chênh,14
vay,14
biet,14
dạo,14
ọp,14
ẹp,14
nhiu,14
nhung,14
hưng,14
niêm,14
than,14
nhiễu,14
thô,14
cậy,14
dong,14
sủ,14
tiê,14
dao,14
cô,14
tv,14
đep,14
nứt,14
bảng,14
nhậy,14
hụt,14
quê,14
họa,14
bút,14
bắp,14
gập,14
quét,14
fm,14
cất,14
bắn,14
nhã,14
nghìn,14
mac,14
liệt,14
rẽ,14
món,14
rỉ,14
panasonic,14
id,13
vip,13
cãi,13
b,13
quyền,13
thọ,13
review,13
tiến,13
duyệt,13
androi,13
chốt,13
phan,13
thẳng,13
gb,13
chúng,13
họp,13
í,13
het,13
quy,13
kt,13
giáo,13
bày,13
ngưng,13
goi,13
hê,13
cha,13
xr,13
x,13
ngta,13
vuốt,13
chang,13
thê,13
nua,13
bước,13
dienmayxanh,13
gio,13
ơ,13
it,13
lum,13
nhá,13
châm,13
time,13
quanh,13
bỉ,13
tách,13
sdp,13
cuộn,13
case,13
windows,13
zadez,13
nhah,12
vĩnh,12
khí,12
hêt,12
cũg,12
bức,12
hoang,12
riết,12
nghỉ,12
đag,12
nghĩa,12
tĩnh,12
mắn,12
amoled,12
rời,12
bể,12
khach,12
giùm,12
vao,12
phai,12
sữa,12
che,12
vượt,12
trống,12
phàn,12
nàn,12
luc,12
thuộc,12
vn,12
điê,12
thoả,12
đô,12
sđt,12
mốt,12
gaming,12
xò,12
nho,12
lặng,12
trần,12
tha,12
tàu,12
ầm,12
môi,12
cạn,12
chon,12
cước,12
gen,12
lap,12
baseus,12
ái,12
gió,12
quấn,12
evalu,12
míc,12
wireless,12
trỏ,12
class,12
lát,11
mạch,11
đột,11
ngã,11
dã,11
lắng,11
dộng,11
ôi,11
very,11
vấp,11
add,11
mây,11
canh,11
nắng,11
bến,11
kép,11
l,11
thuong,11
chồng,11
ép,11
biên,11
vote,11
sắt,11
gắng,11
wa,11
gò,11
nỗi,11
Hồ,11
Chí,11
Minh,11
double,11
nọ,11
pha,11
qa,11
ố,11
đả,11
thâ,11
bắc,11
loi,11
két,11
lệnh,11
lm,11
lê,11
hihi,11
cổ,11
hùng,11
đuoc,11
sặc,11
key,11
nen,11
lõi,11
dv,11
mò,11
nầy,11
tồi,11
chặt,11
bí,11
dùg,11
độc,11
hiê,11
núm,11
trẻo,11
táo,10
cười,10
khâu,10
vật,10
khe,10
ám,10
nốt,10
okela,10
vo,10
iphon,10
phường,10
tik,10
tok,10
giả,10
huynh,10
gioi,10
hoa,10
ngươ,10
okay,10
mess,10
quạt,10
de,10
ủa,10
doanh,10
mến,10
bởi,10
trog,10
khuôn,10
chíp,10
quý,10
mobi,10
d,10
sò,10
rỗ,10
kháng,10
tuỳ,10
lem,10
dang,10
bốc,10
đương,10
ráp,10
bn,10
đung,10
nhieu,10
phâm,10
thich,10
thư,10
imei,10
com,10
vương,10
gt,10
re,10
đá,10
ly,10
đâ,10
tâ,10
đ,10
lui,10
nma,10
sx,10
karaoke,10
nấc,10
typec,10
tắc,10
tab,10
pass,10
nhám,10
hdmi,10
heymelody,10
setup,10
win,10
remote,10
drive,10
titan,9
nại,9
blue,9
xung,9
khích,9
tru,9
né,9
bạc,9
update,9
vâng,9
xả,9
khóc,9
nai,9
live,9
trượt,9
phúc,9
quận,9
trì,9
q,9
ấp,9
xoá,9
mồ,9
tủ,9
uổng,9
cậu,9
quãng,9
bụng,9
fix,9
lộn,9
soạn,9
lận,9
hằng,9
thà,9
lâ,9
đằng,9
hạ,9
ran,9
tông,9
gồm,9
dẹp,9
dược,9
menu,9
đục,9
mời,9
rễ,9
giơ,9
bit,9
genshin,9
đúp,9
nghiêng,9
size,9
phẳng,9
thùng,9
đoàn,9
auto,9
đểu,9
súng,9
masstel,9
aaa,9
sân,9
tít,9
nàh,9
dặn,9
shopee,9
vận,9
sét,9
tapo,9
genius,9
trấn,8
trao,8
khiếu,8
môn,8
xót,8
bá,8
pháp,8
games,8
kiêu,8
ruột,8
đào,8
trà,8
thơ,8
nghi,8
hứa,8
dị,8
tổ,8
tè,8
tôn,8
vùng,8
nga,8
ke,8
ru,8
khánh,8
hạng,8
muời,8
best,8
truyện,8
bo,8
rực,8
thú,8
lòi,8
xạ,8
viện,8
mode,8
biểu,8
dai,8
cột,8
am,8
ngoái,8
cúp,8
binh,8
yết,8
tuyến,8
nhỉnh,8
ho,8
hanh,8
lề,8
phá,8
shoppe,8
sàn,8
location,8
ngu,8
vốn,8
ung,8
tây,8
bụp,8
đuợc,8
khiếp,8
mét,8
gòn,8
trùng,8
font,8
huy,8
dắt,8
luật,8
hít,8
hợt,8
lazada,8
đậy,8
connect,8
kín,8
remix,8
khử,8
mozard,8
microsd,8
vnpt,8
node,8
repeater,8
mwg,7
xu,7
fan,7
đàn,7
lửa,7
cute,7
nhợt,7
cạch,7
căn,7
chay,7
ối,7
rắc,7
trôi,7
thuê,7
cày,7
thúc,7
nhẹn,7
lưới,7
ồ,7
cellphones,7
dựt,7
tỉ,7
music,7
ngọc,7
áo,7
rốt,7
đốm,7
diễn,7
vây,7
rô,7
phà,7
comment,7
dối,7
store,7
cành,7
ưa,7
thỏ,7
múc,7
mùng,7
bóp,7
email,7
bào,7
ẩm,7
sịn,7
kiên,7
tuộc,7
cay,7
tranh,7
hóc,7
hào,7
rùa,7
phước,7
one,7
ui,7
lơ,7
lượt,7
hiên,7
hehe,7
khám,7
box,7
dọc,7
up,7
sốc,7
rát,7
lôi,7
map,7
office,7
thèm,7
dò,7
rác,7
hoàng,7
vất,7
khét,7
huyện,7
đu,7
xoài,7
itel,7
download,7
website,7
vư,7
rock,7
biển,7
mobile,7
nguy,7
pv,7
magsafe,7
thụt,7
đè,7
hạt,7
mfi,7
tạch,7
giặt,7
dẻ,7
vướng,7
lấn,7
awei,7
nảy,7
tplink,7
rgb,7
logi,7
silent,7
window,7
code,7
apacer,7
vệt,6
soát,6
dồi,6
lệ,6
dầu,6
bự,6
men,6
rước,6
doc,6
ráng,6
quán,6
loay,6
hoay,6
vạn,6
thạnh,6
máu,6
dĩ,6
ời,6
tri,6
tre,6
ips,6
tr,6
cứu,6
trội,6
momo,6
thượng,6
free,6
fpt,6
huyền,6
mĩ,6
tỏ,6
è,6
watch,6
dựng,6
hải,6
cmt,6
gold,6
bõ,6
xách,6
bô,6
pho,6
trơ,6
đọng,6
tro,6
nâu,6
rỡ,6
tụi,6
chớ,6
bão,6
mày,6
thợ,6
phóng,6
ngọt,6
nồi,6
ê,6
home,6
chóp,6
chinh,6
lãnh,6
hơ,6
fi,6
thơi,6
khoang,6
lang,6
dạy,6
setting,6
chan,6
nát,6
túm,6
gỡ,6
f,6
lộ,6
qr,6
ào,6
logo,6
sĩ,6
vội,6
trạm,6
rì,6
gam,6
trộm,6
khổ,6
rin,6
snapdragon,6
hoạ,6
rảnh,6
gmail,6
vieon,6
tip,6
go,6
án,6
tiễn,6
nẩy,6
đuôi,6
vang,6
hổng,6
tóc,6
chuôi,6
rít,6
pd,6
móp,6
lưỡng,6
china,6
xoắn,6
hiếu,6
phun,6
form,6
boost,6
miệng,6
rẹt,6
lọt,6
lật,6
fake,6
set,6
offline,6
receiver,6
switch,6
ping,6
wan,6
drum,6
toner,6
mail,5
hẻo,5
nghiêm,5
thới,5
vinh,5
thần,5
chảnh,5
xi,5
kệ,5
bọt,5
cồng,5
kềnh,5
clip,5
ham,5
tràn,5
đoán,5
mớ,5
lá,5
nhi,5
đắn,5
ừ,5
ngột,5
trụ,5
gộp,5
chìm,5
thơm,5
kí,5
đùn,5
pìn,5
bàng,5
đao,5
phiếu,5
thù,5
hấp,5
viettel,5
tát,5
cẩm,5
rep,5
đồn,5
ngây,5
xếp,5
miêu,5
chánh,5
cử,5
lãi,5
len,5
trương,5
turbo,5
đống,5
rơ,5
sms,5
sứ,5
oan,5
back,5
đà,5
xìu,5
smart,5
đạo,5
đằm,5
vua,5
tái,5
huỷ,5
hiếm,5
nhè,5
os,5
fold,5
hyperos,5
tàm,5
be,5
cởi,5
giam,5
job,5
ngốn,5
cối,5
ngữ,5
voice,5
cháu,5
tú,5
ngỡ,5
mười,5
vá,5
lân,5
đứa,5
cắn,5
cpuz,5
like,5
mền,5
thụ,5
lụm,5
phẫm,5
láng,5
kaios,5
ngôn,5
chứa,5
active,5
tuyên,5
xó,5
loá,5
banh,5
ỗn,5
sàng,5
lằng,5
cụt,5
khai,5
nhen,5
tèo,5
bỏng,5
mẩu,5
top,5
power,5
great,5
mophie,5
ngõ,5
run,5
xì,5
nhuận,5
khấu,5
tồn,5
charge,5
ẩu,5
bolero,5
true,5
lối,5
hàn,5
hơp,5
chill,5
ngươi,5
gớt,5
bă,5
dời,5
mảnh,5
imou,5
khắp,5
root,5
mbps,5
card,5
tenda,5
replace,5
lông,4
thưởng,4
bạch,4
esim,4
hạnh,4
ống,4
ghét,4
chà,4
input,4
noise,4
nice,4
chạp,4
uyên,4
giám,4
sảnh,4
bill,4
vnpay,4
hồn,4
mẻ,4
giỏi,4
đính,4
kỉ,4
tap,4
hột,4
sục,4
ngừng,4
message,4
că,4
li,4
ước,4
gắt,4
vat,4
ư,4
trăng,4
tia,4
mốc,4
thằng,4
lứa,4
ngón,4
nghen,4
trận,4
lcd,4
lấm,4
rủi,4
chửi,4
cờ,4
cụm,4
lách,4
hotline,4
thắng,4
thói,4
thịt,4
sảy,4
wi,4
tan,4
phut,4
lay,4
combo,4
snap,4
tựa,4
lạy,4
nêu,4
pai,4
balo,4
làn,4
speedtest,4
https,4
play,4
liêu,4
huệ,4
đuối,4
nịnh,4
xào,4
bê,4
ẩn,4
sông,4
sầu,4
build,4
mép,4
sôi,4
headphone,4
nhăn,4
chặn,4
dổi,4
gợi,4
giọt,4
câm,4
tụ,4
luợng,4
helio,4
phối,4
miết,4
hiệp,4
bốn,4
vũng,4
tét,4
nhặn,4
vsmart,4
tớ,4
tấn,4
cận,4
niệm,4
rệt,4
sảng,4
tim,4
giường,4
bải,4
tố,4
khoan,4
lùng,4
niên,4
bang,4
dởm,4
chùi,4
nôi,4
polymer,4
kiệt,4
tỏa,4
khối,4
nhằng,4
mỉ,4
vẹn,4
nệm,4
dãy,4
thoáng,4
đạp,4
tuyêt,4
mbest,4
lủng,4
tháp,4
dịu,4
giắc,4
you,4
dr,4
quầy,4
phat,4
wb,4
kè,4
Sài,4
kẹp,4
lặp,4
hẹp,4
bĩ,4
sảo,4
lười,4
dock,4
for,4
tản,4
còi,4
chưng,4
côn,4
ngầu,4
ltl,4
ngỏ,4
anc,4
vòm,4
cản,4
rồ,4
enco,4
ộp,4
soi,4
vành,4
xé,4
dance,4
mòn,4
checkcoverage,4
fit,4
bỗng,4
lõm,4
vít,4
cs,4
bênh,4
dell,4
nuốt,4
nhấc,4
list,4
mù,4
format,4
phi,4
nu,4
laser,4
mộc,4
upload,4
manganese,4
epson,4
nỡ,3
mừng,3
huỳnh,3
hốt,3
dứt,3
quát,3
ag,3
exynos,3
series,3
dăm,3
icloud,3
phỏng,3
hỡ,3
muôn,3
bịp,3
đước,3
sốt,3
stress,3
dãi,3
ngả,3
thốt,3
videocall,3
tx,3
lac,3
ois,3
cáu,3
sổ,3
mõi,3
hòn,3
tướng,3
lư,3
tẹt,3
amply,3
lossless,3
mesenger,3
nuột,3
kẻ,3
cưa,3
dì,3
thập,3
apo,3
nhiễm,3
virus,3
bậc,3
cú,3
mă,3
tă,3
giu,3
hổi,3
chọt,3
lõng,3
chiếm,3
lồi,3
gớm,3
lột,3
bùn,3
tệp,3
dại,3
tùng,3
sưa,3
vuông,3
răng,3
mảng,3
low,3
ahihi,3
lh,3
fe,3
xướt,3
quất,3
truoc,3
hầm,3
gạt,3
mâu,3
đồi,3
đanh,3
lém,3
kiê,3
prm,3
thí,3
pon,3
sút,3
hmmm,3
tk,3
sẳn,3
www,3
phanh,3
toanh,3
đẳng,3
khoi,3
xâm,3
luớt,3
dúng,3
bềnh,3
thaya,3
thưc,3
lặn,3
sịt,3
nhặt,3
training,3
khoe,3
dươc,3
nhả,3
cò,3
vai,3
giáp,3
xém,3
khùng,3
kon,3
selfie,3
hẹo,3
hă,3
reddit,3
xư,3
đư,3
khẩn,3
loãng,3
nilong,3
hóng,3
zo,3
block,3
tứ,3
hì,3
lạch,3
aura,3
lùi,3
nãy,3
tiêp,3
sương,3
bập,3
khang,3
tâng,3
dép,3
hom,3
kiem,3
world,3
tậm,3
thề,3
trạc,3
bỡ,3
khoái,3
đền,3
bấn,3
huhuhu,3
chuyền,3
đở,3
nhât,3
combat,3
đàng,3
truớc,3
tăn,3
super,3
span,3
hôn,3
chiu,3
ngoan,3
rãi,3
hố,3
lao,3
thòi,3
nfc,3
úng,3
đĩa,3
thôn,3
sag,3
trày,3
lóng,3
lục,3
tiệt,3
xắn,3
lố,3
xưởng,3
xí,3
chèn,3
xang,3
toan,3
huong,3
điêu,3
nghèo,3
bư,3
rà,3
leo,3
lỏi,3
tuc,3
ni,3
luọng,3
điẹn,3
mèo,3
nut,3
bam,3
hat,3
đạn,3
cop,3
dí,3
reo,3
hễ,3
kiêm,3
xo,3
nhang,3
energizer,3
dũng,3
điển,3
xát,3
ném,3
bẩy,3
lở,3
trep,3
silicon,3
fullbox,3
nhỡ,3
đúg,3
xh,3
pencil,3
min,3
choi,3
dan,3
tiểu,3
bửa,3
nẵng,3
rãnh,3
giớ,3
má,3
gũi,3
lênh,3
tỷ,3
ipod,3
hẵn,3
khói,3
hàm,3
mắng,3
tèn,3
dạc,3
mác,3
aukey,3
ngăn,3
not,3
biét,3
móc,3
dục,3
váy,3
trinh,3
cl,3
gan,3
gót,3
delivery,3
rấy,3
jhachs,3
bịch,3
vạ,3
bánh,3
nón,3
chă,3
chấu,3
giận,3
cháo,3
nhằm,3
đă,3
xsm,3
nưa,3
oto,3
bad,3
cưng,3
beats,3
mư,3
me,3
is,3
đỏi,3
le,3
vooc,3
dl,3
ltm,3
voucher,3
dụg,3
lởm,3
ác,3
píp,3
with,3
cát,3
thả,3
nhãn,3
thổi,3
ngủm,3
thunderbolt,3
toẹt,3
xoăn,3
vững,3
output,3
hới,3
thỏa,3
khoăn,3
chó,3
earbuds,3
nghề,3
ồm,3
lội,3
tơi,3
quality,3
mu,3
điểu,3
đam,3
sound,3
nách,3
team,3
device,3
nhái,3
vườn,3
xuân,3
serial,3
sình,3
rạp,3
ears,3
dập,3
tằm,3
yê,3
quăng,3
ốc,3
ps,3
thặc,3
bổng,3
dàn,3
ngôi,3
tảng,3
đét,3
thé,3
audio,3
of,3
giành,3
ezviz,3
dp,3
ghz,3
crack,3
vocal,3
đáy,3
nhẫn,3
macos,3
scroll,3
quyên,3
off,3
speed,3
vả,3
aimesh,3
totolink,3
lầu,3
tether,3
dual,3
toto,3
vĩ,3
kioxia,3
vỉ,3
tuốt,3
chở,3
giấu,2
lãng,2
resetcounter,2
db,2
titanium,2
nụ,2
thấu,2
trọn,2
rầu,2
black,2
đxm,2
chim,2
display,2
bjo,2
tuyết,2
pjn,2
ôp,2
nhoáng,2
rởm,2
laq,2
bìn,2
luac,2
mính,2
chỉn,2
dùn,2
quạo,2
he,2
tuân,2
nẹt,2
bấy,2
miền,2
yến,2
unbox,2
ậm,2
duong,2
chéo,2
appstore,2
hủy,2
cm,2
bộp,2
tele,2
xĩu,2
phãi,2
thủy,2
loading,2
nhô,2
mediatek,2
sành,2
điệu,2
quỳnh,2
kiều,2
lậy,2
từa,2
lưa,2
viễn,2
tiet,2
bách,2
bàu,2
trieu,2
trach,2
nhiem,2
ga,2
faceid,2
pẩm,2
rào,2
tù,2
khôi,2
sặt,2
ipx,2
tl,2
duyên,2
edit,2
nguội,2
khéo,2
xộn,2
hqa,2
ghè,2
bành,2
rang,2
vc,2
bla,2
thdd,2
pt,2
oled,2
dồn,2
tăm,2
mông,2
gỗ,2
nhúng,2
tật,2
vãn,2
stream,2
chuyê,2
bâ,2
cpu,2
pixel,2
nhọ,2
gương,2
ppf,2
touch,2
hỗn,2
thuỷ,2
nhàn,2
mựợt,2
dòm,2
studio,2
shoppee,2
tráo,2
khôn,2
sámung,2
main,2
ep,2
screen,2
ỏi,2
bb,2
mot,2
lighning,2
night,2
mod,2
thjk,2
phèo,2
hoảng,2
bén,2
xỉu,2
vưa,2
mb,2
inch,2
ngậm,2
ngùi,2
khía,2
sáu,2
giạt,2
chuổi,2
khinh,2
smooth,2
đong,2
quậy,2
style,2
http,2
cb,2
bậy,2
phán,2
singapore,2
dất,2
rạch,2
sỏi,2
nhắt,2
credit,2
xịnn,2
qui,2
mũ,2
tuấn,2
muộn,2
út,2
lè,2
sướt,2
vl,2
nhòa,2
log,2
chừ,2
vt,2
kiễm,2
hểt,2
nguôn,2
dem,2
dên,2
nguon,2
chac,2
dôi,2
kiu,2
dường,2
bơ,2
premium,2
atm,2
nông,2
tốtgiá,2
apps,2
bặt,2
chiêc,2
tut,2
giât,2
bât,2
tiệc,2
chuong,2
sexy,2
chẹp,2
chiê,2
made,2
sphâm,2
tưong,2
cứg,2
cứa,2
hyper,2
rcm,2
tong,2
lằn,2
lưc,2
mườn,2
inphone,2
àk,2
tóit,2
lắmnv,2
nghiên,2
tft,2
mợ,2
ứg,2
tò,2
khẳng,2
chrome,2
đẽ,2
đỉm,2
nóq,2
chử,2
xaid,2
lây,2
gê,2
goole,2
tiép,2
đám,2
phì,2
xao,2
gồ,2
gờ,2
trau,2
mói,2
loạt,2
thàng,2
kkkkkk,2
mạc,2
wow,2
zay,2
ổnnhưng,2
trưởng,2
cơm,2
rầm,2
trề,2
zui,2
fun,2
đẫ,2
dolby,2
nấm,2
rở,2
huawei,2
mươt,2
sọt,2
mxh,2
mao,2
mội,2
nhể,2
nguyen,2
khăng,2
phăng,2
cccd,2
rẩt,2
đág,2
media,2
thọai,2
cù,2
lite,2
spam,2
miui,2
làg,2
lỏ,2
xưng,2
relme,2
săc,2
phùng,2
xiu,2
ff,2
nhứt,2
redme,2
zl,2
bubg,2
deu,2
phùn,2
phụng,2
mồm,2
huế,2
hằn,2
hz,2
ság,2
kkkk,2
that,2
ytb,2
fim,2
đuổi,2
thầy,2
wep,2
tôtd,2
mí,2
luu,2
bai,2
tốtrất,2
ngoãn,2
oanh,2
tống,2
hau,2
cod,2
settings,2
đừg,2
thắp,2
núc,2
mỏ,2
mạ,2
gui,2
fire,2
oxi,2
hây,2
xaomi,2
thj,2
khuyen,2
tone,2
xà,2
chơn,2
nhèo,2
nhug,2
cn,2
ik,2
thánh,2
cau,2
khoảnh,2
nghiện,2
vũ,2
oh,2
cable,2
hack,2
thờ,2
rom,2
lạng,2
chplay,2
xuong,2
truong,2
dẽ,2
ngoa,2
mp,2
khoa,2
rườm,2
giay,2
unisoc,2
bịn,2
nang,2
profile,2
goood,2
use,2
haizzz,2
nham,2
abc,2
lùa,2
rộp,2
hãi,2
chước,2
tẹo,2
đút,2
ngố,2
sos,2
rẫy,2
ck,2
tiêng,2
năp,2
loàng,2
sop,2
cc,2
rài,2
oin,2
sua,2
mien,2
bac,2
giong,2
chong,2
dot,2
and,2
bôi,2
đếm,2
vcf,2
ngọi,2
giup,2
dơi,2
ngạn,2
cật,2
volte,2
eo,2
rạc,2
đúc,2
chửa,2
si,2
ngan,2
izi,2
gps,2
lờn,2
ứ,2
gprs,2
xàm,2
nhữg,2
qly,2
ol,2
five,2
giảng,2
mtb,2
lenovo,2
perfect,2
toa,2
luân,2
đắc,2
mấu,2
bye,2
keng,2
xuat,2
nhat,2
ngọn,2
ờ,2
tyce,2
giói,2
nghiêp,2
ôtô,2
kề,2
chấc,2
ướt,2
lơi,2
pòng,2
núi,2
chã,2
quái,2
hiiii,2
cớ,2
ec,2
sỉ,2
oải,2
duẩn,2
coa,2
cos,2
ql,2
bầu,2
ngửa,2
ngag,2
navy,2
tick,2
hu,2
kiển,2
rùng,2
cỗng,2
khum,2
smartwatch,2
đr,2
thết,2
mì,2
ipxs,2
dg,2
nhẽ,2
ngúm,2
lưỡi,2
thon,2
đùa,2
đất,2
marketing,2
giò,2
loc,2
hoat,2
vk,2
lẹt,2
mải,2
trất,2
tuan,2
đai,2
dòn,2
port,2
đêna,2
bluetooh,2
túc,2
hẻm,2
ngất,2
dẽo,2
nộp,2
product,2
ghế,2
fundiin,2
cmn,2
mỉnh,2
tpcl,2
ua,2
dắc,2
tổt,2
xế,2
dẩn,2
at,2
tưa,2
chap,2
truyê,2
tajm,2
trien,2
cặn,2
kẽ,2
ì,2
ạch,2
chăn,2
nhaaaa,2
múa,2
gat,2
dum,2
deal,2
ò,2
khê,2
ương,2
hihihi,2
tốtt,2
lua,2
zắt,2
vắng,2
lượg,2
nồng,2
hãnh,2
nyc,2
ổng,2
_,2
hệt,2
liêm,2
thiệp,2
or,2
tmđt,2
gián,2
thick,2
đơi,2
phích,2
khô,2
sạ,2
htai,2
toang,2
toét,2
cánh,2
bẻ,2
rẩy,2
oai,2
sacj,2
đốc,2
giô,2
ngkhac,2
yes,2
nhma,2
phèn,2
cỏ,2
thếgiớidiđộng,2
dâ,2
bhx,2
iu,2
devices,2
gắm,2
investment,2
have,2
vp,2
ủy,2
ngán,2
nk,2
dìa,2
phế,2
dac,2
gân,2
vách,2
buôn,2
lái,2
lóc,2
xóc,2
gà,2
đắng,2
năn,2
dộ,2
đượ,2
airtag,2
cún,2
chiêu,2
dsc,2
control,2
life,2
xây,2
tao,2
chặc,2
tốtâm,2
nốitai,2
huyết,2
rền,2
tloi,2
vác,2
bar,2
melody,2
boots,2
nóc,2
bùng,2
laj,2
chông,2
sbc,2
havit,2
phiêu,2
res,2
popup,2
khôngkhá,2
oy,2
xẻo,2
truc,2
kêt,2
deep,2
house,2
loanh,2
earphone,2
emei,2
stereo,2
giơi,2
đêu,2
new,2
víu,2
sales,2
mối,2
trùi,2
quàng,2
giàn,2
xóm,2
chuối,2
skull,2
candy,2
evo,2
ẹc,2
cụp,2
mổ,2
xịt,2
imel,2
staff,2
okii,2
nhie,2
khônh,2
đoi,2
đỗ,2
thiểu,2
vol,2
nhơn,2
trạch,2
can,2
support,2
rezo,2
quỳ,2
đậu,2
luyện,2
bl,2
mút,2
lợt,2
hổm,2
đì,2
nhơ,2
disconnect,2
nhở,2
trươ,2
lù,2
trờn,2
bộn,2
thuột,2
khắt,2
rai,2
nintendo,2
địch,2
gút,2
group,2
adm,2
gâ,2
ngứa,2
qsd,2
nức,2
nhê,2
okeee,2
vụn,2
nhue,2
extra,2
much,2
ear,2
uỳnh,2
extrabass,2
thegioiđiong,2
soa,2
hazzz,2
mih,2
ché,2
rột,2
strong,2
ktr,2
mdr,2
diều,2
ctia,2
omtp,2
miccro,2
phảo,2
trép,2
echo,2
zenbos,2
cloud,2
tua,2
keu,2
nhệt,2
share,2
vòg,2
vè,2
rắp,2
đò,2
xèo,2
moderm,2
cuốn,2
rìa,2
focus,2
mưc,2
mx,2
master,2
vnđ,2
tưng,2
silence,2
blutooth,2
băn,2
packaging,2
chột,2
moba,2
lia,2
rappo,2
ghép,2
láo,2
word,2
rọc,2
from,2
lỳ,2
thâm,2
thươc,2
sync,2
ken,2
gô,2
corsair,2
options,2
rề,2
lăng,2
tậu,2
lumia,2
sleep,2
kèo,2
cã,2
swith,2
red,2
phìm,2
keycap,2
mbs,2
ó,2
anten,2
angten,2
gigabit,2
acher,2
sóq,2
diệu,2
râu,2
hot,2
thác,2
yc,2
khổng,2
sào,2
way,2
wintel,2
moden,2
ubuntu,2
filter,2
onedrive,2
personal,2
thâý,2
family,2
license,2
eset,2
uhs,2
coppy,2
chyển,2
chịp,2
virut,2
tmdt,2
otg,2
malaysia,2
úb,2
service,2
thiêu,2
chẩy,2
lốc,2
hl,2
tue,2
xẹt,2
ssd,2
phạt,2
sỹ,2
print,2
color,2
fujifilm,2
khơi,2
cúi,2
direct,2
gl,2
tuàn,1
điệp,1
topcare,1
tấc,1
thúi,1
nhách,1
ngợ,1
panic,1
panicfull,1
titanxanh,1
bc,1
đtbh,1
jincase,1
sót,1
chánnnnnnnn,1
friday,1
nhì,1
hoenej,1
hàngtung,1
mồi,1
always,1
uống,1
chày,1
agribank,1
iso,1
female,1
okxứng,1
samsum,1
cào,1
lảng,1
cọt,1
mãy,1
mượtcó,1
cuong,1
io,1
flaship,1
chándt,1
hớn,1
thuở,1
thai,1
úi,1
gooodd,1
biện,1
gấc,1
xink,1
xay,1
điẻn,1
lầ,1
trậm,1
cũm,1
phổi,1
troc,1
son,1
dhdjsh,1
ngòak,1
vcl,1
taam,1
nháaaaaaaa,1
toả,1
thoii,1
bhanh,1
mạg,1
sứng,1
tacx,1
pín,1
classroom,1
mesesge,1
dduocwj,1
tvt,1
rỗng,1
hihe,1
iiiiiii,1
pink,1
nude,1
ẻm,1
moca,1
siệu,1
hệu,1
thoản,1
rest,1
sv,1
dợi,1
sụp,1
trứng,1
nọi,1
kien,1
laị,1
luot,1
đaay,1
beta,1
tìnhlễ,1
phépthái,1
độp,1
hiccc,1
cươ,1
rã,1
lich,1
goodjob,1
nguốn,1
finom,1
antutu,1
benmark,1
khán,1
ngừơi,1
dó,1
androind,1
ngam,1
adr,1
bf,1
túng,1
bối,1
càch,1
ctv,1
giử,1
gìn,1
ạaaaaaaaa,1
nất,1
thứu,1
backtap,1
lagi,1
nựa,1
đạ,1
feck,1
hichic,1
djdjsksosjdjdj,1
ddc,1
ngayf,1
kiếu,1
tho,1
nhều,1
tanh,1
sịch,1
gai,1
sếp,1
huafan,1
cpo,1
chiện,1
sạo,1
xỉ,1
pại,1
qài,1
khoanh,1
thuâ,1
luônnnnnnnn,1
vânz,1
zia,1
thò,1
flare,1
nghẽn,1
dặp,1
rổ,1
thỉng,1
trắn,1
cóng,1
khiểm,1
ngĩa,1
thóng,1
cạp,1
siếu,1
imess,1
facetime,1
ván,1
nếo,1
appel,1
ưuanr,1
csos,1
nghiê,1
garaxy,1
bthươ,1
xâ,1
thoãi,1
turn,1
roăng,1
đóm,1
nhem,1
chọc,1
tđv,1
ass,1
dông,1
heyy,1
khiêng,1
gôdrver,1
eis,1
giòn,1
boxinghuy,1
thumbnail,1
hí,1
truóc,1
goiogle,1
ksao,1
vức,1
battle,1
warship,1
naval,1
empire,1
ngớ,1
ngẩn,1
thũ,1
lighting,1
ron,1
ngãi,1
hơu,1
ốt,1
battery,1
dark,1
rượi,1
mint,1
uj,1
lack,1
trồng,1
nightmod,1
chop,1
trungg,1
ngat,1
nghiem,1
seo,1
gor,1
lenuo,1
hập,1
edition,1
sụng,1
dóng,1
kiêunói,1
viêt,1
làng,1
dói,1
mix,1
gìvậy,1
ươc,1
mum,1
chải,1
ắ,1
lắt,1
luoc,1
thjjen,1
maximum,1
ee,1
ngưòi,1
okk,1
tắn,1
topzone,1
vvv,1
lầnnhư,1
niu,1
real,1
mays,1
acep,1
nể,1
dynamic,1
island,1
spotify,1
hmm,1
fist,1
heheesiêu,1
cuội,1
rồixài,1
quao,1
adđ,1
gậy,1
prmax,1
chiec,1
thén,1
yersin,1
unlock,1
img,1
height,1
src,1
commentnew,1
content,1
images,1
icon,1
yahoo,1
gif,1
alt,1
tets,1
gủi,1
chắv,1
sing,1
hold,1
die,1
mesaenger,1
vssid,1
bựt,1
gd,1
xôi,1
hỉnh,1
aex,1
pre,1
tbh,1
rt,1
hẫng,1
lì,1
oklắm,1
thuờng,1
trebùng,1
gành,1
chome,1
phiếm,1
niê,1
lạt,1
đvk,1
bảy,1
múôn,1
tgtd,1
hói,1
bợt,1
gme,1
đổitrước,1
êmcảm,1
view,1
chụi,1
xữ,1
chô,1
vietcombank,1
dề,1
ay,1
bjt,1
oknhưng,1
tuih,1
ngôì,1
takecare,1
bọn,1
dụngtôi,1
mt,1
miem,1
khuyet,1
yem,1
ssamsung,1
nganh,1
trừơng,1
thôngv,1
saobảo,1
lqmb,1
kep,1
biệp,1
nhàu,1
tốtmáy,1
kỳpin,1
chậmgiá,1
cậncòn,1
mành,1
mpx,1
ní,1
cache,1
nố,1
máymáy,1
vievej,1
éo,1
tpvt,1
diê,1
twitter,1
uô,1
giê,1
vietnam,1
comments,1
spigen,1
muợt,1
mẩn,1
tốtcam,1
ph,1
op,1
ud,1
ngắm,1
chễ,1
kỉu,1
mesge,1
phêu,1
grab,1
nếp,1
cell,1
happy,1
saoo,1
đẹppp,1
ổnnn,1
chfvv,1
gojeck,1
pinchỉ,1
ngài,1
ngai,1
gủng,1
lagapp,1
renno,1
traiz,1
vắt,1
mìn,1
npp,1
pinkể,1
đắp,1
looading,1
laica,1
màvề,1
mảy,1
leica,1
okapp,1
market,1
browser,1
marketkhông,1
khônghttps,1
youtu,1
chuq,1
troq,1
ubnd,1
nhán,1
uodate,1
quạu,1
nits,1
khôngbao,1
thôg,1
nan,1
mươjt,1
vx,1
iwr,1
xá,1
câua,1
mìk,1
ngộ,1
nhanhvà,1
mànhưng,1
nonvs,1
nãn,1
vina,1
mobole,1
giày,1
luo,1
mêêêêêê,1
vmospro,1
cằm,1
cjưa,1
móng,1
cộ,1
lòm,1
bingo,1
bệch,1
gcam,1
pinpin,1
nàytg,1
âu,1
xạm,1
thít,1
mước,1
viu,1
vivi,1
rộ,1
cup,1
bầng,1
đthoại,1
hìnhđiều,1
thươg,1
zẻ,1
phăm,1
dunhs,1
sím,1
info,1
quấy,1
chut,1
thảo,1
khii,1
tuqf,1
đĩ,1
điếm,1
nhũng,1
cậng,1
thđ,1
tplx,1
xuông,1
nhựt,1
t_t,1
săt,1
nhiêm,1
kafm,1
lúa,1
càg,1
masy,1
thồi,1
kkkkkkkkkk,1
yuotupe,1
bả,1
vidio,1
rs,1
dọn,1
đui,1
gán,1
bừa,1
rinh,1
xuy,1
cuq,1
vôko,1
demo,1
phoneđể,1
lắmhơi,1
chầm,1
hoắc,1
kểu,1
tiếngmình,1
bầy,1
ntnmk,1
bso,1
uất,1
nguòi,1
kpi,1
khpỉ,1
xiaume,1
tddđ,1
tuầnkhi,1
dùnh,1
arena,1
màm,1
tùân,1
ntnđiện,1
gamenhưng,1
tuộthay,1
máychơi,1
nóngnói,1
kbiet,1
mớii,1
cê,1
tụy,1
thậtchắc,1
rồibonus,1
seting,1
rụp,1
huawe,1
dồng,1
helo,1
sida,1
miximiao,1
pít,1
muợn,1
vụtốt,1
honkai,1
phái,1
cỷa,1
dăng,1
yếuđề,1
muc,1
điểmmàn,1
lắmloa,1
rèsóng,1
ổncam,1
supervooc,1
điểmthiết,1
okmua,1
máypin,1
toptop,1
nhiềutùy,1
bluet,1
khỏng,1
chútmáy,1
rồicam,1
nétquay,1
nầm,1
xx,1
mõng,1
tum,1
pgs,1
book,1
vọc,1
ghen,1
shin,1
poco,1
hog,1
chẳn,1
thuờg,1
sunsilk,1
nì,1
tixtok,1
phô,1
xạt,1
câmf,1
chắm,1
xxx,1
vvậy,1
opop,1
xạn,1
minhhoi,1
đợirất,1
nhị,1
ggm,1
vấng,1
rật,1
mượtpin,1
khoẻsạc,1
loat,1
xáng,1
kl,1
cãm,1
sườn,1
pleiku,1
chảo,1
càm,1
zom,1
hc,1
alway,1
nhai,1
vjvjvi,1
lể,1
suyang,1
bieu,1
nhoe,1
miro,1
oktgdđ,1
lòa,1
pbuc,1
comen,1
đớn,1
năngtốt,1
tram,1
vẹo,1
demencity,1
wechat,1
dìm,1
gsmerena,1
bầm,1
hoan,1
nghênh,1
chấn,1
cpux,1
kào,1
rộn,1
center,1
đơnên,1
hơna,1
tuệ,1
cammara,1
coloros,1
siù,1
họng,1
àdd,1
kodòng,1
toktok,1
djtme,1
lôz,1
aỏ,1
thángkhông,1
cáokhi,1
nốixem,1
lagchơi,1
vâỵ,1
cuoi,1
đếnthif,1
đuộc,1
longg,1
lươt,1
lambadatốn,1
loang,1
nuối,1
tecno,1
infinix,1
núp,1
lũ,1
chju,1
khak,1
sar,1
nhiềuhiện,1
lũng,1
anđ,1
thìxài,1
lâuđó,1
reels,1
okmáy,1
mượtchụp,1
nétchơi,1
râts,1
khâch,1
ỉ,1
instagram,1
redimi,1
triêu,1
qhu,1
chên,1
chữc,1
buetooth,1
iem,1
đoan,1
gane,1
ngách,1
bín,1
yeah,1
lước,1
wes,1
space,1
tubo,1
muaưu,1
hìnhgửi,1
luốt,1
lumviền,1
keogửi,1
iclou,1
ngiệm,1
tệxài,1
baomoi,1
cross,1
nhầ,1
nít,1
bồ,1
gene,1
lắk,1
thien,1
ôt,1
okchụp,1
chêđã,1
next,1
tipe,1
muamáy,1
nghìntrước,1
vàomong,1
vachat,1
tiệp,1
giat,1
vjj,1
nuoc,1
lôgo,1
săm,1
xái,1
ssung,1
thuog,1
suc,1
sasung,1
hhhh,1
yb,1
thoy,1
drop,1
chẵng,1
ngữa,1
miến,1
chủa,1
tồng,1
phổng,1
nf,1
cùa,1
glaxy,1
mẫm,1
pls,1
zalomàn,1
vại,1
ttỏng,1
xaj,1
triê,1
okekekekeekekekekekekeke,1
nmà,1
jk,1
chubg,1
giiá,1
far,1
ao,1
kydang,1
loand,1
yêú,1
ott,1
yếunói,1
tơ,1
lien,1
chem,1
nôkia,1
phep,1
nhàn_tg,1
khát,1
ră,1
bỡi,1
sph,1
cons,1
profiles,1
td,1
lon,1
feature,1
cuôc,1
tuầntuy,1
nhiowcj,1
yếuxài,1
êmmà,1
ngonsóng,1
wăng,1
jản,1
huấn,1
ngươif,1
hahangs,1
hdh,1
luonng,1
kkkkkkk,1
nokika,1
xứ,1
bẩm,1
huống,1
mòng,1
hmd,1
lút,1
noki,1
sưu,1
chầy,1
nghịch,1
nhẵn,1
tuô,1
dầm,1
xuyen,1
mý,1
nmua,1
lão,1
nhịt,1
ttgd,1
giồng,1
giềng,1
moq,1
bme,1
energiner,1
khpng,1
okkkk,1
chich,1
hànhtui,1
địện,1
ngoằng,1
thcó,1
rọi,1
thietbỏ,1
xạo,1
ngạo,1
ngốc,1
rõxem,1
nhathứ,1
onlne,1
mằn,1
râdt,1
mân,1
hiết,1
verygood,1
smatphone,1
trẵn,1
trù,1
jav,1
nothing,1
dút,1
chũ,1
tì,1
nàu,1
hotspot,1
kai,1
standby,1
óc,1
tun,1
mách,1
kieu,1
hànhpin,1
chóc,1
dụngsau,1
tuỏii,1
soan,1
hoac,1
bói,1
lux,1
avi,1
nhưmg,1
vẫm,1
khiếm,1
minhf,1
chố,1
mãu,1
okik,1
cấy,1
phunc,1
vói,1
fami,1
okokokokokokokok,1
pun,1
biếng,1
ngấm,1
lùn,1
mầ,1
ttot,1
honor,1
excellent,1
hoc,1
nit,1
dội,1
ril,1
killl,1
themes,1
webđọc,1
báoyoutube,1
ổnchơi,1
ổngiá,1
mềmnhân,1
singapo,1
vể,1
tinhh,1
ốm,1
lever,1
kindle,1
chùm,1
hày,1
bionic,1
onli,1
bợp,1
star,1
nênn,1
xixao,1
vía,1
trớ,1
trêu,1
nvbh,1
đanha,1
edge,1
nhóc,1
thọ_,1
vlsisd,1
qùa,1
chuplife,1
pumb,1
sad,1
pen,1
anime,1
tuyêyj,1
trê,1
goodbye,1
gí,1
tablet,1
hellio,1
khượng,1
xàu,1
sax,1
xaig,1
cj,1
giámáy,1
minhtp,1
báoxem,1
oktầm,1
nhỏmàn,1
chận,1
đua,1
plant,1
zombie,1
hhhhhhhhhhhhhhhhhhhhhhhhhhhhhhhhhhhhhhhhhhhhhhhhhhhhhhhhhhhhhhhhhh,1
thx,1
lunrất,1
hhh,1
tốtvà,1
sạchchánđề,1
sàikhông,1
hưcả,1
utral,1
mươi,1
ủm,1
vạc,1
sảb,1
nvtv,1
tye,1
ưi,1
nháp,1
phơi,1
gap,1
nap,1
tìnhsản,1
tốtđáng,1
polmer,1
surrất,1
magsef,1
zị,1
giac,1
rice,1
nhanhmình,1
đượckhuyết,1
totl,1
trêj,1
khư,1
tìên,1
jay,1
admim,1
ghh,1
xoai,1
tuanf,1
gid,1
khôgn,1
typec_,1
trâ,1
nongd,1
đaz,1
sê,1
đăt,1
samssung,1
nạk,1
grap,1
rắt,1
gôd,1
neo,1
pịn,1
samsubg,1
ngừoi,1
cặm,1
đọt,1
hạch,1
hửi,1
luiợng,1
ipoon,1
kguyeens,1
iuuu,1
thángcắm,1
spsp,1
tang,1
miêng,1
pintệ,1
dfilllkj,1
chác,1
ttt,1
vqof,1
fenda,1
ngồn,1
hxv,1
dồ,1
hưỡng,1
bích,1
deco,1
okkk,1
luonn,1
goos,1
đn,1
pit,1
iêm,1
qin,1
trại,1
đựoc,1
nẻo,1
xún,1
cùg,1
smssung,1
phahit,1
phòg,1
đáh,1
chớt,1
pm,1
schỉ,1
powerslim,1
pj,1
heyzzo,1
gọ,1
mhungw,1
họi,1
ơr,1
ngửi,1
hỗi,1
thiển,1
tinhf,1
tươ,1
pacific,1
tttttttttttttttttttttttttttt,1
nhin,1
ôg,1
nady,1
qau,1
đuocj,1
tròng,1
ngợi,1
yé,1
yè,1
đm,1
địnhcắm,1
đìu,1
hừng,1
hực,1
microusb,1
fiền,1
dâu,1
loan,1
kiêng,1
xaa,1
cẫn,1
sauc,1
saic,1
hoai,1
vờ,1
lược,1
uu,1
iphne,1
típ,1
thẹo,1
báu,1
xack,1
plush,1
sàc,1
xmas,1
àh,1
trợn,1
sấy,1
jphone,1
chĩnh,1
tặc,1
toá,1
nhóm,1
lj,1
linning,1
vã,1
điệnt,1
hoại,1
bằn,1
dànv,1
thiế,1
thọi,1
chót,1
oa,1
mừ,1
dẹt,1
viêkc,1
sàioke,1
toots,1
dcp,1
thưing,1
thổ,1
okiii,1
mủ,1
đaio,1
gẩy,1
càn,1
cương,1
rậm,1
deadline,1
xm,1
rẫn,1
côi,1
samsng,1
tkots,1
rungg,1
rats,1
jêt,1
đẹt,1
hehehe,1
bện,1
ctype,1
dụngi,1
trk,1
đưer,1
basius,1
sticker,1
tột,1
thẫm,1
lớ,1
quớ,1
sinhdây,1
ngắtnghe,1
jo,1
joy,1
thun,1
lú,1
rẻđẹpsạc,1
nhuặ,1
tc,1
rấttt,1
lẽo,1
muatgdđ,1
rẫt,1
râzt,1
zzzzzzzz,1
nhann,1
phảu,1
tuỵet,1
baycủ,1
sungsung,1
fast,1
changing,1
gâm,1
dựa,1
niceee,1
hiến,1
kẻo,1
okp,1
basues,1
theonhu,1
ampe,1
heng,1
thăm,1
zflip,1
vươ,1
utra,1
nuôn,1
okc,1
gj,1
ẹt,1
rình,1
tôtt,1
iêu,1
síu,1
xomg,1
oopp,1
remo,1
chama,1
quế,1
iphonex,1
xg,1
services,1
hii,1
livestream,1
handsome,1
hyperx,1
many,1
pubgm,1
nhường,1
tíu,1
nhanhnhìn,1
đươcn,1
súmung,1
sảnm,1
áptuy,1
điệnmình,1
kỹsẽ,1
tíc,1
lọai,1
muh,1
desired,1
level,1
huhhh,1
ọke,1
ijj,1
secondhand,1
complan,1
gá,1
đf,1
pps,1
lightnigh,1
onlie,1
njce,1
nhạnh,1
ốn,1
died,1
sạp,1
đượcsau,1
cape,1
kog,1
cmọi,1
chấy,1
liê,1
làcó,1
ngyaf,1
triết,1
todd,1
hydrus,1
dượng,1
nhứk,1
vờiii,1
ranh,1
chăc,1
daj,1
noj,1
thoonge,1
thoaij,1
tìng,1
gooood,1
lò,1
âif,1
tich,1
phình,1
luơng,1
daây,1
say,1
sanr,1
phaamr,1
suwr,1
dyngj,1
raat,1
đángiu,1
đựt,1
nòi,1
mọit,1
acceptable,1
rắn,1
ngop,1
dùngtoot,1
ớ,1
ápmình,1
kỹnhân,1
sựrất,1
toithaaytot,1
dờ,1
yốt,1
ụ,1
ữ,1
ấ,1
hàngnhieetj,1
kaka,1
tiêm,1
rủ,1
jj,1
đuọce,1
thât,1
ltn,1
nịch,1
dthw,1
ngàng,1
tggđ,1
choèn,1
oklam,1
guss,1
andriod,1
changes,1
khỏa,1
xhuts,1
tooti,1
kkkkk,1
vuec,1
likes,1
dqsd,1
sừng,1
oceee,1
hự,1
nghẻ,1
dfeer,1
bãi,1
ừa,1
khâm,1
đoa,1
đoản,1
tạn,1
bềnhơn,1
belkin,1
trờr,1
độg,1
ả,1
tyc,1
thoảnh,1
backup,1
díp,1
zắc,1
lighing,1
lllllllllllllllllllllllkkkkkkk,1
addmin,1
kakaka,1
ưngggg,1
troll,1
luúc,1
xperia,1
xsmas,1
gvgh,1
carplay,1
gấm,1
nhẹsp,1
vướn,1
đâuf,1
đát,1
dey,1
dụngghim,1
sạcmà,1
luônthử,1
đầymn,1
xmbile,1
raxài,1
hện,1
giăn,1
đáu,1
bển,1
bèo,1
kung,1
phẩmdduwowcjtin,1
cắp,1
đưokc,1
bbhfcc,1
quátôi,1
ịphone,1
huu,1
ubs,1
tape,1
thùa,1
dánh,1
supper,1
tubor,1
rịa,1
xê,1
giâc,1
tôtts,1
khóm,1
lói,1
hịêu,1
god,1
diđộng,1
vỏn,1
none,1
thâng,1
ouput,1
put,1
uổn,1
rữa,1
enough,1
now,1
byebye,1
mèm,1
kím,1
giù,1
sém,1
cfffcgffvvv,1
tôits,1
điệb,1
khém,1
tuơng,1
khimua,1
sell,1
choét,1
said,1
verry,1
loè,1
trúc,1
gim,1
bato,1
téc,1
qli,1
bót,1
qhkh,1
kíp,1
bld,1
nghẹt,1
luống,1
cuống,1
rawm,1
xmobe,1
blt,1
but,1
sometimes,1
doesn,1
other,1
vàoquá,1
fc,1
mích,1
youtober,1
chõ,1
rồii,1
lào,1
corporation,1
loyal,1
customer,1
start,1
nthe,1
hza,1
who,1
wants,1
kids,1
will,1
dều,1
lét,1
innostyle,1
hương,1
tốtnhưng,1
qi,1
ts,1
decal,1
trảng,1
xàii,1
giốg,1
sừ,1
nhưn,1
luôngói,1
mớiquá,1
chuổn,1
okkkke,1
powerbox,1
quick,1
_đã,1
vụng,1
mmmmmm,1
mmm,1
đưoc,1
various,1
bargain,1
price,1
economic,1
thing,1
what,1
hợi,1
gin,1
tttt,1
mcr,1
nhó,1
tựu,1
qquá,1
ttốt,1
ggioi,1
mợt,1
prime,1
micxer,1
cuồng,1
nhõ,1
nghin,1
tôm,1
xđ,1
đặng,1
lỡm,1
scj,1
ampli,1
jop,1
vav,1
nủa,1
lònglòng,1
ct,1
sáp,1
chể,1
nỉ,1
sì,1
chắng,1
nhiêtij,1
navi,1
sec,1
nghành,1
nhuoc,1
đặn,1
lightling,1
toạn,1
bảk,1
phủi,1
oky,1
dunhf,1
realtime,1
silicone,1
khoen,1
take,1
shift,1
caps,1
lock,1
tuyệ,1
vêd,1
okpin,1
ấmthấy,1
hôp,1
roàii,1
chep,1
đấm,1
trebble,1
buýt,1
ray,1
máudùng,1
bud,1
ncl,1
sần,1
ngưỡng,1
readmi,1
trâuvới,1
rồinhân,1
thấytại,1
hotel,1
california,1
bòm,1
bọp,1
chánnhưng,1
sạn,1
đẹpâm,1
rõhay,1
biếu,1
dcsản,1
tau,1
găng,1
khan,1
mổi,1
lắmnó,1
rồixong,1
đtphải,1
rồibó,1
chêriêng,1
vậytại,1
lắmm,1
vỗ,1
bắy,1
nayd,1
recommend,1
vỉen,1
film,1
khuy,1
vờiiii,1
mhac,1
thoạihl,1
choá,1
chuẩngiá,1
đượclúc,1
luônnói,1
nhécòn,1
tíâm,1
khápin,1
lâugọi,1
chặp,1
vid,1
okthời,1
ngheko,1
trỉnh,1
bóost,1
orginal,1
ngung,1
eq,1
pureplayer,1
ngâm,1
giặc,1
tưỡng,1
vẫng,1
xòn,1
đưỡ,1
eardbuds,1
ever,1
heard,1
pod,1
tành,1
sốn,1
đoingj,1
nạn,1
thiệc,1
gất,1
ầy,1
nợ,1
gồi,1
cdma,1
telecom,1
original,1
clear,1
chuỗi,1
bặm,1
hazzzz,1
sauchẳng,1
tiếngkhông,1
ngăt,1
ppin,1
eamphone,1
miu,1
bowie,1
wearable,1
lượn,1
chắnnhân,1
cómà,1
rnghe,1
nhữnh,1
cấc,1
rack,1
đoe,1
rèbass,1
ổnko,1
acoustic,1
rasau,1
quẵng,1
tiếngmức,1
normal,1
nghevậy,1
engine,1
khâc,1
hốc,1
lún,1
soundpeats,1
saongoại,1
nàochất,1
trùm,1
hybrid,1
outdoor,1
indoor,1
nàorất,1
bếp,1
nhỏsản,1
baby,1
gác,1
ạtại,1
trăc,1
tịch,1
khôngvới,1
podcast,1
đổu,1
trongôm,1
chật,1
hahahahah,1
quí,1
okokok,1
vinahouse,1
gọnvỏ,1
yếuk,1
cápgiá,1
ổnưu,1
seeder,1
rumba,1
bờ,1
lộc,1
gù,1
codec,1
aac,1
firmware,1
ge,1
hayae,1
ipodpro,1
aipod,1
hó,1
bùi,1
làmm,1
streo,1
ngỉ,1
sươt,1
atmos,1
hè,1
flat,1
muddy,1
latency,1
remove,1
xiú,1
nuts,1
bost,1
ngiêng,1
lamd,1
thg,1
dseo,1
captypec,1
bubs,1
thankyou,1
by,1
mile,1
ếch,1
lim,1
dim,1
chợt,1
cơn,1
ùa,1
indy,1
philips,1
viiejc,1
đưicj,1
đờ,1
vct,1
piano,1
bựclúc,1
teo,1
khôngdùng,1
pinmới,1
pinmình,1
thôitoàn,1
vọngmình,1
tuỵttttt,1
tầu,1
hoco,1
chừa,1
nâ,1
airp,1
enthusiastic,1
warranty,1
giúm,1
nhueng,1
supportive,1
item,1
hiet,1
rỗi,1
ari,1
pods,1
lqij,1
tws,1
arip,1
thegioididongcheck,1
seri,1
giãi,1
hôc,1
fiu,1
loáng,1
tvừa,1
hữm,1
okr,1
nghenghe,1
khựa,1
second,1
headset,1
oneplus,1
chích,1
thixxx,1
tímh,1
hn,1
nuóc,1
running,1
garmin,1
giãm,1
hếtnhược,1
hizza,1
phũ,1
airpost,1
cheng,1
đẩu,1
lk,1
gym,1
trap,1
aripod,1
ém,1
verygooooood,1
pastel,1
cón,1
nhnah,1
smai,1
é,1
lunnn,1
bẫn,1
hị,1
dẫu,1
sưng,1
sieu,1
mít,1
dmc,1
lêb,1
dă,1
trỳ,1
bij,1
phuch,1
gióng,1
hwa,1
lẩn,1
ngỏm,1
mậu,1
bái,1
chẽ,1
nỗinhưng,1
gìcòn,1
khônghơi,1
lén,1
thăng,1
mut,1
gthiệu,1
blâu,1
nhưbg,1
tuânf,1
volum,1
vòn,1
chn,1
sẳng,1
rầt,1
trebb,1
sứt,1
nhồi,1
ren,1
kcn,1
quai,1
choàng,1
côngn,1
body,1
nedus,1
mmmmmmmmmmmmmmmmmmmm,1
sounds,1
assistant,1
bét,1
khj,1
chứg,1
đàmthoại,1
blutut,1
còng,1
kền,1
tặg,1
sfe,1
quỷ,1
pause,1
livebass,1
tốtdịch,1
rv,1
spok,1
okke,1
xốp,1
bẹc,1
rim,1
burn,1
ôce,1
valorant,1
huớng,1
tddd,1
nhỏdùng,1
lolỗi,1
ecogarden,1
earpods,1
befit,1
sâ,1
khoác,1
ủi,1
dản,1
vips,1
pục,1
đqsd,1
thamh,1
tìan,1
vib,1
gave,1
discount,1
mãn,1
sanhok,1
khoáng,1
giog,1
akg,1
tress,1
cưới,1
khoing,1
roman,1
bun,1
tốy,1
vòi,1
xờ,1
gameing,1
thính,1
xõa,1
oinr,1
khuân,1
dvcskh,1
cuâ,1
sevice,1
rieview,1
fanpage,1
lẹc,1
xẹc,1
lãm,1
chuộng,1
câuj,1
nhĩ,1
pcm,1
okmen,1
ủnh,1
qrr,1
xướng,1
tgioi,1
microphone,1
gầy,1
gắp,1
head,1
boom,1
àu,1
mũi,1
tranning,1
over,1
mm,1
kjoong,1
discord,1
speaker,1
virtual,1
ằm,1
chồi,1
vủa,1
gâng,1
dến,1
gta,1
phôn,1
gảy,1
thif,1
chk,1
smasphone,1
help,1
xuâ,1
nê,1
thw,1
dd,1
hazz,1
chôm,1
chỉa,1
tốttttttttttttttttttttttttttttttttttttttttttttttttttttttttttttttttt,1
nhão,1
nhún,1
bek,1
hòi,1
fải,1
fa,1
haytorõ,1
ràngbass,1
ấmnhân,1
met,1
noà,1
vshape,1
sib,1
ooo,1
thau,1
gjjjhvvvbbbjhv,1
vhh,1
diec,1
htc,1
ợng,1
zoăng,1
thỉh,1
bịt,1
dj,1
cửu,1
báic,1
turquoise,1
mệnh,1
dọa,1
poweramp,1
khz,1
wasapi,1
event,1
stage,1
tõ,1
gao,1
tuỵt,1
cps,1
ngăm,1
chuqa,1
xiuz,1
amin,1
ngào,1
nươ,1
giư,1
rứa,1
amly,1
hã,1
rú,1
mz,1
sobgs,1
rồithứ,1
tụckhi,1
choạng,1
tốithứ,1
cảtrải,1
imon,1
tiandi,1
ré,1
nhiểu,1
zim,1
camre,1
mera,1
nhiêth,1
râm,1
cloudpay,1
phícó,1
đặ,1
rõnhunhw,1
thaqyschỉ,1
thịnh,1
noti,1
modum,1
yossee,1
ùi,1
nổithẻ,1
đaã,1
tặngchântreo,1
lp,1
thànhl,1
haunguyen,1
cmr,1
nhọc,1
đạm,1
seeding,1
ngừa,1
thếđã,1
ổi,1
thíu,1
thah,1
haizzzloa,1
cko,1
bềnnhưng,1
hiênn,1
màhình,1
lacks,1
lứm,1
cuyên,1
toot,1
yot,1
dá,1
gấn,1
hinht,1
nặn,1
yoosee,1
hqi,1
mờnhìn,1
fgghffbh,1
hh,1
hiền,1
zem,1
vẫy,1
bồi,1
sái,1
sem,1
vọg,1
bhhh,1
củn,1
quãi,1
ruồi,1
mêm,1
lòe,1
đốt,1
hs,1
ngơ,1
ngóng,1
dõ,1
bọ,1
sil,1
lăp,1
thằn,1
dịnh,1
giánên,1
mốp,1
okê,1
sátrất,1
tỏng,1
cammera,1
xuôi,1
sẩy,1
lak,1
ưngs,1
chạt,1
rèm,1
cinema,1
netflix,1
lính,1
wouldcup,1
ă,1
gud,1
claw,1
grip,1
palm,1
lơn,1
vêt,1
bân,1
trơi,1
oknghe,1
đỉmmmmm,1
púa,1
tìnhở,1
handg,1
beoro,1
hayloa,1
trebles,1
rụng,1
dichh,1
hước,1
xép,1
bon,1
chen,1
karaok,1
nghiền,1
trable,1
lunn,1
chụt,1
đệp,1
chhuoorj,1
vưà,1
disconect,1
nhanhthiết,1
hơntrọng,1
hơnchuột,1
function,1
ổncó,1
usbtuy,1
chuộc,1
áxài,1
lingf,1
dơcòn,1
okila,1
nvgh,1
disconnected,1
goodddd,1
dongle,1
khôngt,1
đải,1
ngượng,1
cộm,1
xoẹt,1
phẫn,1
rider,1
brand,1
logitexh,1
corel,1
tke,1
xiền,1
freeship,1
slield,1
aaaa,1
nháo,1
hợl,1
vậyyyyy,1
nhờn,1
ọ,1
chuọt,1
nưao,1
giồi,1
bấp,1
khập,1
khênh,1
ghề,1
ơntgdd,1
fen,1
vde,1
chậmkết,1
dzỏm,1
qáa,1
liệng,1
caochuột,1
tron,1
bluetoth,1
què,1
hahahaha,1
match,1
cuôn,1
trươt,1
nhă,1
náy,1
quèn,1
rog,1
thâyd,1
thiêt,1
điêm,1
vât,1
bưc,1
hoăc,1
forward,1
backward,1
sniper,1
omron,1
cúng,1
custom,1
vh,1
cmctelecom,1
khuya,1
lmht,1
cafe,1
tiếtt,1
chuốt,1
chuộ,1
phât,1
chtrinh,1
thpt,1
thoait,1
rapoo,1
đòn,1
cursor,1
touchpad,1
tgđd,1
xìa,1
au,1
hoă,1
phom,1
dfôj,1
xãy,1
nya,1
surge,1
foward,1
search,1
đừn,1
pgair,1
keeta,1
thưa,1
chuo,1
vie,1
thie,1
reiciver,1
têm,1
xắt,1
lậu,1
cồn,1
trịch,1
caption,1
hù,1
hịt,1
gudd,1
vẩy,1
jobs,1
nhoaa,1
cad,1
đẹpp,1
mè,1
douple,1
sẻi,1
ark,1
impact,1
vler,1
hờ,1
vở,1
muốm,1
bế,1
kiếng,1
middle,1
nhữ,1
sàii,1
xột,1
xoạc,1
đẹpchất,1
lượnghãng,1
wonderboom,1
webcam,1
níu,1
zaded,1
võng,1
đac,1
đật,1
ãnh,1
tôu,1
ttojw,1
zapoo,1
gét,1
ùng,1
psi,1
kute,1
genus,1
chuật,1
đasng,1
teen,1
otp,1
gựt,1
mpi,1
ncc,1
mouse,1
ngắc,1
kót,1
pad,1
gư,1
carton,1
marst,1
lop,1
khồng,1
phug,1
cuera,1
fifa,1
liem,1
lĩnh,1
qu,1
ngắng,1
hlnha,1
hayêm,1
newseal,1
hotswap,1
brow,1
ngần,1
luồng,1
intenet,1
ax,1
tộ,1
sin,1
trướcsử,1
thẻm,1
dhcp,1
phỉ,1
ytube,1
ppoe,1
câp,1
thừng,1
baoe,1
giga,1
fimware,1
dap,1
ln,1
touter,1
antena,1
pings,1
khuất,1
desktop,1
pppoe,1
mập,1
sõng,1
linksyss,1
pack,1
trập,1
repeaer,1
mimo,1
chốn,1
xức,1
xắc,1
ăngten,1
guz,1
tindh,1
băt,1
hủ,1
xon,1
onemesh,1
trệt,1
config,1
modern,1
dợ,1
nova,1
ói,1
mửa,1
lự,1
user,1
thoái,1
ultility,1
softap,1
oem,1
zte,1
ttl,1
hiều,1
sna,1
videophone,1
nũa,1
tốtp,1
password,1
mobifone,1
tpmifi,1
duyện,1
bại,1
dơng,1
lte,1
gă,1
kẽm,1
diver,1
ttttt,1
sảp,1
mơid,1
ngự,1
dà,1
gogle,1
bở,1
dzị,1
light,1
xẽ,1
outb,1
léo,1
ukie,1
stop,1
ttdd,1
anhchị,1
hsd,1
query,1
pivot,1
tực,1
ntmk,1
giỏ,1
nhap,1
vệc,1
antivirus,1
rap,1
buffer,1
disable,1
optimize,1
uki,1
nhiện,1
ze,1
phimmom,1
zãn,1
hoen,1
dóc,1
vắn,1
gài,1
marvel,1
hollywood,1
hag,1
phấm,1
lanh,1
hbo,1
trưc,1
ây,1
thoang,1
chuâ,1
trích,1
slaws,1
xonglấy,1
quẹt,1
gopro,1
xheps,1
toc,1
clas,1
đạc,1
lồ,1
trừng,1
oj,1
nạ,1
transcend,1
thẽ,1
trử,1
thiets,1
liệụ,1
nhiếu,1
thaoir,1
nhâp,1
thuơg,1
kẹo,1
ỏn,1
transmemory,1
trịa,1
linux,1
ghhh,1
anyf,1
xảo,1
rsync,1
gánh,1
đọ,1
vhi,1
order,1
cruzer,1
glide,1
tdm,1
cổg,1
rufus,1
boot,1
flair,1
cóp,1
mót,1
pana,1
thic,1
romot,1
evolta,1
sé,1
khhi,1
remot,1
fconline,1
tnay,1
hỷ,1
càu,1
vảy,1
viển,1
mụce,1
nặc,1
vấy,1
cẳng,1
nhượt,1
sước,1
đách,1
lll,1
___,1
okkkkkkkkkkkkkkk,1
bụngg,1
nài,1
hdd,1
msi,1
bom,1
pahir,1
nta,1
xấy,1
xam,1
đẫn,1
nhanhmực,1
xet,1
não,1
ạmáy,1
quanthật,1
ín,1
lờ,1
khái,1
latop,1
cannot,1
vb,1
need,1
liquid,1
usage,1
tốttốc,1
hộc,1
nễ,1
lbp,1
photocopy,1
xẩy,1
mưu,1
tvbox,1
đẻ,1
lổm,1
chổm,1
khoai,1
nhớt,1
nén,1
mài,1
đếch,1
têt,1
laserjet,1
hđ,1
đuang,1
gáp,1
jam,1
side,1
sấp,1
thiếp,1
arm,1
vesa,1
rén,1
fhd,1
liều,1
lường,1
beautiful,1
printing,1
ớn,1
all,1
okee,1
nb,1
console,1
